-- phpMyAdmin SQL Dump
-- version 4.9.5deb2
-- https://www.phpmyadmin.net/
--
-- Servidor: localhost:3306
-- Xerado en: 07 de Mar de 2022 ás 12:52
-- Versión do servidor: 10.3.34-MariaDB-0ubuntu0.20.04.1
-- Versión do PHP: 7.4.28

SET SQL_MODE = "NO_AUTO_VALUE_ON_ZERO";
SET AUTOCOMMIT = 0;
START TRANSACTION;
SET time_zone = "+00:00";


/*!40101 SET @OLD_CHARACTER_SET_CLIENT=@@CHARACTER_SET_CLIENT */;
/*!40101 SET @OLD_CHARACTER_SET_RESULTS=@@CHARACTER_SET_RESULTS */;
/*!40101 SET @OLD_COLLATION_CONNECTION=@@COLLATION_CONNECTION */;
/*!40101 SET NAMES utf8mb4 */;

--
-- Base de datos: `CS_examen_2`
--

-- --------------------------------------------------------

--
-- Estrutura da táboa `categoria`
--

CREATE TABLE `categoria` (
  `id_categoria` int(11) NOT NULL,
  `nombre_categoria` varchar(50) NOT NULL,
  `id_padre` int(11) DEFAULT NULL
) ENGINE=InnoDB DEFAULT CHARSET=utf8mb4;

--
-- A extraer os datos da táboa `categoria`
--

INSERT INTO `categoria` (`id_categoria`, `nombre_categoria`, `id_padre`) VALUES
(3, 'Videojuegos', NULL),
(4, 'Microsoft', 3),
(5, 'Nintendo', 3),
(7, 'Sony', 3),
(13, 'Telefonía', NULL),
(14, 'Android', 13),
(15, 'iOS', 13),
(18, 'Test', 7);

-- --------------------------------------------------------

--
-- Estrutura da táboa `log`
--

CREATE TABLE `log` (
  `id_log` int(11) NOT NULL,
  `operacion` varchar(50) NOT NULL,
  `tabla` varchar(50) NOT NULL,
  `detalle` text DEFAULT NULL
) ENGINE=InnoDB DEFAULT CHARSET=utf8mb4;

--
-- A extraer os datos da táboa `log`
--

INSERT INTO `log` (`id_log`, `operacion`, `tabla`, `detalle`) VALUES
(1, 'update', 'usuario', 'Actualizado el sueldo del usuario \"Alexis_Jose_da_Silva_Pereira al valor: 4403');

-- --------------------------------------------------------

--
-- Estrutura da táboa `producto`
--

CREATE TABLE `producto` (
  `codigo` varchar(10) NOT NULL,
  `nombre` varchar(255) NOT NULL,
  `descripcion` text NOT NULL,
  `proveedor` varchar(9) NOT NULL,
  `coste` decimal(10,0) NOT NULL,
  `margen` decimal(10,0) NOT NULL,
  `stock` int(11) NOT NULL,
  `iva` int(11) NOT NULL,
  `id_categoria` int(11) DEFAULT NULL
) ENGINE=InnoDB DEFAULT CHARSET=utf8mb4;

--
-- A extraer os datos da táboa `producto`
--

INSERT INTO `producto` (`codigo`, `nombre`, `descripcion`, `proveedor`, `coste`, `margen`, `stock`, `iva`, `id_categoria`) VALUES
('ACE0000099', 'Acer - X76', 'Inserte una descripción', 'A7000041O', '307', '1', 240, 21, 14),
('ACE0000133', 'Acer - Lite17', 'Inserte una descripción', 'C1000083E', '40', '2', 196, 21, 14),
('ACE0000151', 'Acer - X92', 'Inserte una descripción', 'C4000043Q', '148', '3', 296, 21, 7),
('ACE0000157', 'Acer - Mega87', 'Inserte una descripción', 'G1000057E', '312', '4', 224, 21, 3),
('ACE0000159', 'Acer - Reno4', 'Inserte una descripción', 'C1000083E', '461', '3', 62, 21, 13),
('ACE0000166', 'Acer - Reno50', 'Inserte una descripción', 'F2000026Z', '329', '4', 247, 21, 3),
('ACE0000168', 'Acer - S1', 'Inserte una descripción', 'H9000038L', '307', '2', 208, 21, 13),
('ACE0000177', 'Acer - S48', 'Inserte una descripción', 'D3000094P', '158', '2', 256, 21, 14),
('ACE0000181', 'Acer - Reno18', 'Inserte una descripción', 'G2000087I', '248', '3', 128, 21, 15),
('ACE0000189', 'Acer - Series X31', 'Inserte una descripción', 'E5000065M', '82', '2', 183, 21, 5),
('ACE0000223', 'Acer - X23', 'Inserte una descripción', 'A8000051Y', '431', '2', 190, 21, 14),
('ACE0000228', 'Acer - Max28', 'Inserte una descripción', 'H5000068P', '5', '2', 205, 21, 15),
('ACE0000232', 'Acer - Series X22', 'Inserte una descripción', 'H8000098T', '143', '3', 87, 21, 15),
('ACE0000235', 'Acer - S54', 'Inserte una descripción', 'D1000044R', '353', '3', 218, 21, 5),
('ACE0000246', 'Acer - Max78', 'Inserte una descripción', 'D2000034H', '64', '2', 221, 21, 5),
('ACE0000268', 'Acer - Max51', 'Inserte una descripción', 'H9000018R', '81', '3', 251, 21, 13),
('ACE0000275', 'Acer - S57', 'Inserte una descripción', 'C9000053A', '303', '4', 71, 21, 4),
('ACE0000297', 'Acer - Series X73', 'Inserte una descripción', 'G5000007G', '405', '2', 135, 21, 3),
('ACE0000310', 'Acer - Max58', 'Inserte una descripción', 'F9000046T', '53', '3', 126, 21, 15),
('ACE0000324', 'Acer - X78', 'Inserte una descripción', 'A5000031E', '334', '1', 150, 21, 13),
('ACE0000334', 'Acer - High47', 'Inserte una descripción', 'J7000070R', '441', '2', 247, 21, 13),
('ACE0000382', 'Acer - High26', 'Inserte una descripción', 'H5000068P', '199', '3', 62, 21, 13),
('ACE0000391', 'Acer - Series S71', 'Inserte una descripción', 'G3000097S', '195', '4', 57, 21, 5),
('ACE0000407', 'Acer - Series S60', 'Inserte una descripción', 'G5000037K', '393', '2', 120, 21, 13),
('ACE0000409', 'Acer - X95', 'Inserte una descripción', 'G4000017Q', '208', '1', 157, 21, 13),
('ACE0000413', 'Acer - Series S42', 'Inserte una descripción', 'J8000010J', '38', '2', 61, 21, 14),
('ACE0000431', 'Acer - X7', 'Inserte una descripción', 'H3000048V', '351', '1', 146, 21, 15),
('ACE0000472', 'Acer - S27', 'Inserte una descripción', 'G5000007G', '57', '2', 110, 21, 5),
('ACE0000473', 'Acer - S50', 'Inserte una descripción', 'J3000090L', '170', '3', 244, 21, 15),
('ACE0000510', 'Acer - S43', 'Inserte una descripción', 'I7000079A', '304', '3', 282, 21, 13),
('ACE0000529', 'Acer - Reno82', 'Inserte una descripción', 'C4000043Q', '306', '2', 161, 21, 3),
('ACE0000545', 'Acer - Series X26', 'Inserte una descripción', 'G2000087I', '454', '2', 219, 21, 15),
('ACE0000583', 'Acer - Max9', 'Inserte una descripción', 'D3000094P', '215', '2', 233, 21, 14),
('ACE0000590', 'Acer - S88', 'Inserte una descripción', 'E1000035I', '255', '2', 212, 21, 15),
('ACE0000591', 'Acer - X20', 'Inserte una descripción', 'A5000002E', '149', '3', 253, 21, 7),
('ACE0000607', 'Acer - Series S77', 'Inserte una descripción', 'B4000052Z', '12', '4', 183, 21, 3),
('ACE0000611', 'Acer - High89', 'Inserte una descripción', 'G4000017Q', '215', '3', 146, 21, 14),
('ACE0000646', 'Acer - X71', 'Inserte una descripción', 'B8000022V', '397', '3', 263, 21, 14),
('ACE0000654', 'Acer - Reno46', 'Inserte una descripción', 'A6000081C', '252', '1', 109, 21, 14),
('ACE0000657', 'Acer - Max48', 'Inserte una descripción', 'F9000046T', '106', '2', 203, 21, 15),
('ACE0000680', 'Acer - S63', 'Inserte una descripción', 'E5000095Q', '154', '4', 85, 21, 14),
('ACE0000687', 'Acer - Lite14', 'Inserte una descripción', 'I6000049W', '388', '2', 161, 21, 7),
('ACE0000723', 'Acer - S76', 'Inserte una descripción', 'B3000092N', '307', '4', 196, 21, 14),
('ACE0000740', 'Acer - Series X63', 'Inserte una descripción', 'H2000028B', '224', '1', 62, 21, 15),
('ACE0000747', 'Acer - Series X79', 'Inserte una descripción', 'E8000075W', '103', '3', 102, 21, 3),
('ACE0000756', 'Acer - Series S68', 'Inserte una descripción', 'H2000058F', '425', '3', 171, 21, 15),
('ACE0000772', 'Acer - Series S96', 'Inserte una descripción', 'H3000048V', '176', '2', 237, 21, 7),
('ACE0000806', 'Acer - X70', 'Inserte una descripción', 'I6000049W', '139', '3', 80, 21, 7),
('ACE0000822', 'Acer - Reno74', 'Inserte una descripción', 'E6000015O', '172', '4', 139, 21, 7),
('ACE0000837', 'Acer - X33', 'Inserte una descripción', 'A5009999E', '95', '2', 102, 21, 14),
('ACE0000855', 'Acer - S15', 'Inserte una descripción', 'B8000012L', '227', '2', 101, 21, 14),
('ACE0000861', 'Acer - Reno86', 'Inserte una descripción', 'A5000002E', '208', '3', 283, 21, 13),
('ACE0000878', 'Acer - Reno85', 'Inserte una descripción', 'D9000004D', '2', '2', 76, 21, 4),
('ACE0000921', 'Acer - Reno45', 'Inserte una descripción', 'A6000061I', '20', '3', 175, 21, 15),
('ACE0000933', 'Acer - X26', 'Inserte una descripción', 'J2000050X', '374', '2', 217, 21, 5),
('ACE0000939', 'Acer - S49', 'Inserte una descripción', 'C1000013M', '389', '2', 51, 21, 13),
('ACE0000977', 'Acer - High34', 'Inserte una descripción', 'F2000066N', '109', '2', 56, 21, 5),
('ACE0000994', 'Acer - Series X16', 'Inserte una descripción', 'C4000043Q', '257', '2', 73, 21, 13),
('ACE0001002', 'Acer - Mega17', 'Inserte una descripción', 'G5000007G', '465', '3', 87, 21, 3),
('ACE0001012', 'Acer - X46', 'Inserte una descripción', 'E5000095Q', '53', '2', 239, 21, 5),
('ACE0001015', 'Acer - Lite87', 'Inserte una descripción', 'F9000096R', '417', '2', 68, 21, 3),
('APP0000005', 'Apple - Reno34', 'Inserte una descripción', 'I1000009I', '453', '2', 256, 21, 15),
('APP0000011', 'Apple - Lite7', 'Inserte una descripción', 'J2000050X', '297', '1', 152, 21, 7),
('APP0000080', 'Apple - Lite79', 'Inserte una descripción', 'C3000033G', '66', '2', 182, 21, 13),
('APP0000081', 'Apple - X30', 'Inserte una descripción', 'C3000033G', '198', '2', 228, 21, 7),
('APP0000102', 'Apple - Series X16', 'Inserte una descripción', 'C9000093O', '459', '3', 130, 21, 3),
('APP0000107', 'Apple - S95', 'Inserte una descripción', 'D1000074V', '354', '1', 142, 21, 15),
('APP0000108', 'Apple - Series X16', 'Inserte una descripción', 'D3000064L', '107', '1', 173, 21, 3),
('APP0000110', 'Apple - Series S30', 'Inserte una descripción', 'I3000039M', '329', '4', 73, 21, 13),
('APP0000111', 'Apple - Reno95', 'Inserte una descripción', 'A5000031E', '242', '3', 169, 21, 13),
('APP0000119', 'Apple - Lite9', 'Inserte una descripción', 'F9000056D', '102', '2', 165, 21, 14),
('APP0000125', 'Apple - Max16', 'Inserte una descripción', 'E1000025Y', '274', '4', 79, 21, 14),
('APP0000131', 'Apple - Series X49', 'Inserte una descripción', 'D1000044R', '422', '4', 290, 21, 7),
('APP0000142', 'Apple - Lite98', 'Inserte una descripción', 'G7000077Y', '298', '4', 68, 21, 3),
('APP0000179', 'Apple - Series S68', 'Inserte una descripción', 'J7000020T', '17', '3', 223, 21, 3),
('APP0000205', 'Apple - Mega61', 'Inserte una descripción', 'A5009999E', '365', '2', 176, 21, 14),
('APP0000207', 'Apple - High29', 'Inserte una descripción', 'I7000079A', '465', '2', 258, 21, 14),
('APP0000226', 'Apple - Series S68', 'Inserte una descripción', 'F9000046T', '156', '2', 241, 21, 13),
('APP0000238', 'Apple - X82', 'Inserte una descripción', 'B8000012L', '92', '3', 77, 21, 7),
('APP0000247', 'Apple - Reno95', 'Inserte una descripción', 'H5000068P', '30', '2', 93, 21, 13),
('APP0000269', 'Apple - Series S73', 'Inserte una descripción', 'C3000033G', '361', '2', 128, 21, 13),
('APP0000298', 'Apple - X20', 'Inserte una descripción', 'E8000075W', '420', '4', 231, 21, 4),
('APP0000315', 'Apple - Series S94', 'Inserte una descripción', 'H8000098T', '26', '1', 76, 21, 14),
('APP0000316', 'Apple - Reno92', 'Inserte una descripción', 'A8000021U', '63', '1', 247, 21, 15),
('APP0000363', 'Apple - Series S53', 'Inserte una descripción', 'H2000088J', '292', '3', 281, 21, 3),
('APP0000374', 'Apple - Mega52', 'Inserte una descripción', 'H2000058F', '233', '3', 148, 21, 7),
('APP0000379', 'Apple - Mega44', 'Inserte una descripción', 'J7000020T', '384', '1', 171, 21, 4),
('APP0000388', 'Apple - Series S69', 'Inserte una descripción', 'A7000041O', '341', '2', 51, 21, 14),
('APP0000457', 'Apple - Reno26', 'Inserte una descripción', 'A6000061I', '260', '2', 144, 21, 13),
('APP0000463', 'Apple - Series S11', 'Inserte una descripción', 'D3000024X', '26', '1', 218, 21, 15),
('APP0000478', 'Apple - Lite24', 'Inserte una descripción', 'I6000049W', '375', '3', 144, 21, 4),
('APP0000481', 'Apple - Mega75', 'Inserte una descripción', 'J2000030D', '401', '3', 121, 21, 15),
('APP0000499', 'Apple - Series S82', 'Inserte una descripción', 'I1000009I', '42', '3', 208, 21, 4),
('APP0000558', 'Apple - Mega72', 'Inserte una descripción', 'J2000030D', '138', '4', 171, 21, 4),
('APP0000560', 'Apple - X51', 'Inserte una descripción', 'G3000097S', '209', '2', 226, 21, 7),
('APP0000576', 'Apple - S6', 'Inserte una descripción', 'F2000026Z', '363', '2', 271, 21, 3),
('APP0000597', 'Apple - X36', 'Inserte una descripción', 'F2000026Z', '32', '4', 236, 21, 4),
('APP0000627', 'Apple - High22', 'Inserte una descripción', 'A6000061I', '427', '3', 87, 21, 7),
('APP0000655', 'Apple - S80', 'Inserte una descripción', 'H3000008H', '322', '3', 158, 21, 5),
('APP0000671', 'Apple - Lite58', 'Inserte una descripción', 'H2000028B', '5', '2', 104, 21, 4),
('APP0000679', 'Apple - Series S42', 'Inserte una descripción', 'E1000055C', '490', '2', 61, 21, 13),
('APP0000737', 'Apple - Max6', 'Inserte una descripción', 'J8000010J', '106', '2', 179, 21, 3),
('APP0000761', 'Apple - S79', 'Inserte una descripción', 'G1000057E', '162', '2', 77, 21, 4),
('APP0000799', 'Apple - Series S82', 'Inserte una descripción', 'G1000057E', '3', '2', 151, 21, 13),
('APP0000805', 'Apple - X84', 'Inserte una descripción', 'F9000056D', '118', '3', 85, 21, 5),
('APP0000851', 'Apple - Max11', 'Inserte una descripción', 'I1000009I', '349', '3', 212, 21, 7),
('APP0000874', 'Apple - Reno52', 'Inserte una descripción', 'G4000017Q', '487', '4', 147, 21, 3),
('APP0000882', 'Apple - X90', 'Inserte una descripción', 'F9000096R', '420', '1', 153, 21, 4),
('APP0000883', 'Apple - Mega2', 'Inserte una descripción', 'H7000078Z', '220', '2', 183, 21, 7),
('APP0000904', 'Apple - X92', 'Inserte una descripción', 'I2000089K', '329', '3', 144, 21, 15),
('APP0000912', 'Apple - Max85', 'Inserte una descripción', 'F4000016P', '485', '4', 51, 21, 5),
('APP0000942', 'Apple - S62', 'Inserte una descripción', 'E1000035I', '129', '3', 275, 21, 4),
('APP0000949', 'Apple - S12', 'Inserte una descripción', 'I3000019S', '223', '2', 299, 21, 7),
('APP0000951', 'Apple - Series S66', 'Inserte una descripción', 'G3000067O', '424', '2', 91, 21, 14),
('APP0000952', 'Apple - Reno30', 'Inserte una descripción', 'G3000097S', '2', '3', 64, 21, 13),
('APP0000982', 'Apple - High85', 'Inserte una descripción', 'B9000032F', '341', '4', 255, 21, 14),
('APP0001009', 'Apple - Mega63', 'Inserte una descripción', 'E5000095Q', '457', '2', 101, 21, 4),
('APP0001016', 'Apple - S40', 'Inserte una descripción', 'G4000017Q', '364', '3', 100, 21, 13),
('APP0001026', 'Apple - Mega53', 'Inserte una descripción', 'B3000092N', '44', '4', 236, 21, 4),
('ASU0000000', 'Asus - Series S34', 'Inserte una descripción', 'D3000014N', '347', '3', 161, 21, 13),
('ASU0000045', 'Asus - Lite32', 'Inserte una descripción', 'F3000086H', '376', '2', 155, 21, 4),
('ASU0000049', 'Asus - Lite3', 'Inserte una descripción', 'A5000003E', '475', '1', 224, 21, 7),
('ASU0000050', 'Asus - Lite84', 'Inserte una descripción', 'A7000041O', '101', '3', 228, 21, 14),
('ASU0000057', 'Asus - X16', 'Inserte una descripción', 'D3000014N', '64', '1', 81, 21, 5),
('ASU0000062', 'Asus - Mega43', 'Inserte una descripción', 'J6000040N', '351', '1', 175, 21, 14),
('ASU0000066', 'Asus - S13', 'Inserte una descripción', 'A8000011K', '323', '2', 68, 21, 3),
('ASU0000071', 'Asus - Reno20', 'Inserte una descripción', 'E7000045S', '359', '3', 282, 21, 3),
('ASU0000092', 'Asus - Series S58', 'Inserte una descripción', 'J6000040N', '217', '3', 264, 21, 14),
('ASU0000094', 'Asus - Max29', 'Inserte una descripción', 'D3000024X', '197', '1', 138, 21, 14),
('ASU0000104', 'Asus - X5', 'Inserte una descripción', 'A6000071S', '36', '2', 187, 21, 7),
('ASU0000113', 'Asus - Lite17', 'Inserte una descripción', 'J2000080B', '477', '2', 72, 21, 3),
('ASU0000150', 'Asus - High79', 'Inserte una descripción', 'B9000032F', '117', '1', 122, 21, 5),
('ASU0000152', 'Asus - Reno96', 'Inserte una descripción', 'A5009999E', '473', '3', 211, 21, 15),
('ASU0000176', 'Asus - Max71', 'Inserte una descripción', 'D9000054B', '122', '3', 196, 21, 3),
('ASU0000198', 'Asus - Mega28', 'Inserte una descripción', 'F9000056D', '40', '3', 274, 21, 3),
('ASU0000221', 'Asus - Mega62', 'Inserte una descripción', 'H9000038L', '427', '3', 184, 21, 5),
('ASU0000236', 'Asus - High13', 'Inserte una descripción', 'F4000016P', '101', '4', 218, 21, 3),
('ASU0000237', 'Asus - Mega76', 'Inserte una descripción', 'E5000095Q', '191', '3', 152, 21, 14),
('ASU0000242', 'Asus - Series X95', 'Inserte una descripción', 'F1000036J', '244', '2', 80, 21, 15),
('ASU0000276', 'Asus - Series S5', 'Inserte una descripción', 'G3000097S', '469', '3', 214, 21, 14),
('ASU0000284', 'Asus - Lite61', 'Inserte una descripción', 'F9000046T', '39', '1', 124, 21, 13),
('ASU0000289', 'Asus - Lite70', 'Inserte una descripción', 'H2000088J', '60', '4', 280, 21, 7),
('ASU0000304', 'Asus - Max6', 'Inserte una descripción', 'F9000046T', '491', '2', 70, 21, 4),
('ASU0000308', 'Asus - X46', 'Inserte una descripción', 'G5000007G', '289', '1', 176, 21, 13),
('ASU0000335', 'Asus - Lite33', 'Inserte una descripción', 'G1000027A', '496', '2', 255, 21, 14),
('ASU0000336', 'Asus - Lite2', 'Inserte una descripción', 'H8000098T', '372', '3', 286, 21, 13),
('ASU0000342', 'Asus - Mega3', 'Inserte una descripción', 'D9000054B', '141', '4', 263, 21, 4),
('ASU0000362', 'Asus - Mega42', 'Inserte una descripción', 'C6000073U', '143', '2', 60, 21, 7),
('ASU0000384', 'Asus - X17', 'Inserte una descripción', 'B8000022V', '31', '2', 260, 21, 3),
('ASU0000389', 'Asus - Reno60', 'Inserte una descripción', 'F6000076X', '175', '3', 82, 21, 13),
('ASU0000400', 'Asus - X48', 'Inserte una descripción', 'B5000042P', '419', '2', 56, 21, 5),
('ASU0000403', 'Asus - Series X91', 'Inserte una descripción', 'A8000091M', '376', '3', 124, 21, 4),
('ASU0000469', 'Asus - High98', 'Inserte una descripción', 'I4000099U', '187', '4', 128, 21, 13),
('ASU0000490', 'Asus - X59', 'Inserte una descripción', 'B7000002B', '24', '3', 281, 21, 5),
('ASU0000511', 'Asus - Mega32', 'Inserte una descripción', 'A6000071S', '381', '1', 191, 21, 15),
('ASU0000520', 'Asus - Series S19', 'Inserte una descripción', 'A5000003E', '232', '1', 101, 21, 7),
('ASU0000540', 'Asus - X66', 'Inserte una descripción', 'H2000028B', '85', '3', 289, 21, 14),
('ASU0000546', 'Asus - Lite41', 'Inserte una descripción', 'F4000016P', '380', '4', 158, 21, 3),
('ASU0000548', 'Asus - X22', 'Inserte una descripción', 'G7000077Y', '29', '2', 150, 21, 4),
('ASU0000554', 'Asus - Series X94', 'Inserte una descripción', 'H3000008H', '480', '3', 105, 21, 7),
('ASU0000585', 'Asus - Series X69', 'Inserte una descripción', 'C3000033G', '226', '3', 206, 21, 15),
('ASU0000610', 'Asus - Mega87', 'Inserte una descripción', 'B6000072T', '431', '2', 273, 21, 14),
('ASU0000638', 'Asus - Max39', 'Inserte una descripción', 'B3000092N', '7', '4', 95, 21, 5),
('ASU0000666', 'Asus - Series S13', 'Inserte una descripción', 'A6000061I', '451', '2', 161, 21, 7),
('ASU0000670', 'Asus - Mega48', 'Inserte una descripción', 'J7000020T', '455', '1', 263, 21, 13),
('ASU0000694', 'Asus - S66', 'Inserte una descripción', 'I7000079A', '391', '3', 197, 21, 5),
('ASU0000710', 'Asus - Mega63', 'Inserte una descripción', 'F3000086H', '429', '4', 78, 21, 4),
('ASU0000725', 'Asus - Series S38', 'Inserte una descripción', 'A5000002E', '176', '2', 154, 21, 5),
('ASU0000728', 'Asus - High98', 'Inserte una descripción', 'A8000051Y', '145', '4', 173, 21, 5),
('ASU0000745', 'Asus - S10', 'Inserte una descripción', 'J7000020T', '157', '4', 227, 21, 14),
('ASU0000746', 'Asus - High20', 'Inserte una descripción', 'G7000077Y', '203', '1', 98, 21, 14),
('ASU0000757', 'Asus - Reno19', 'Inserte una descripción', 'H7000078Z', '500', '2', 57, 21, 15),
('ASU0000788', 'Asus - S36', 'Inserte una descripción', 'G5000007G', '494', '2', 294, 21, 7),
('ASU0000801', 'Asus - X9', 'Inserte una descripción', 'I2000089K', '453', '3', 269, 21, 13),
('ASU0000802', 'Asus - High79', 'Inserte una descripción', 'D1000044R', '443', '1', 247, 21, 7),
('ASU0000815', 'Asus - Series S19', 'Inserte una descripción', 'E5000065M', '447', '3', 168, 21, 5),
('ASU0000816', 'Asus - X30', 'Inserte una descripción', 'G1000027A', '41', '1', 186, 21, 15),
('ASU0000852', 'Asus - Mega43', 'Inserte una descripción', 'H9000038L', '30', '1', 73, 21, 4),
('ASU0000862', 'Asus - Series S7', 'Inserte una descripción', 'C4000043Q', '420', '4', 148, 21, 4),
('ASU0000881', 'Asus - Lite43', 'Inserte una descripción', 'C9000053A', '265', '1', 273, 21, 13),
('ASU0000897', 'Asus - Max73', 'Inserte una descripción', 'A6000061I', '127', '2', 169, 21, 14),
('ASU0000909', 'Asus - Series X75', 'Inserte una descripción', 'G4000017Q', '241', '2', 208, 21, 4),
('ASU0000919', 'Asus - X34', 'Inserte una descripción', 'F6000076X', '79', '4', 57, 21, 4),
('ASU0000922', 'Asus - X67', 'Inserte una descripción', 'G4000017Q', '4', '2', 91, 21, 4),
('ASU0000953', 'Asus - Reno36', 'Inserte una descripción', 'A8000011K', '393', '1', 129, 21, 3),
('ASU0000954', 'Asus - Series X83', 'Inserte una descripción', 'A5000031E', '405', '2', 122, 21, 15),
('ASU0000960', 'Asus - Series X33', 'Inserte una descripción', 'I2000089K', '159', '2', 181, 21, 5),
('ASU0000971', 'Asus - Mega16', 'Inserte una descripción', 'J2000030D', '294', '3', 110, 21, 7),
('ASU0000975', 'Asus - Lite12', 'Inserte una descripción', 'J8000010J', '99', '4', 52, 21, 14),
('ASU0000986', 'Asus - Series S95', 'Inserte una descripción', 'C6000073U', '27', '3', 91, 21, 14),
('ASU0000989', 'Asus - X8', 'Inserte una descripción', 'D2000034H', '462', '3', 257, 21, 4),
('ASU0001011', 'Asus - Series S63', 'Inserte una descripción', 'F1000036J', '119', '3', 271, 21, 15),
('ASU0001021', 'Asus - X11', 'Inserte una descripción', 'B8000022V', '127', '2', 288, 21, 15),
('DEL0000016', 'Dell - Series S77', 'Inserte una descripción', 'E1000025Y', '227', '1', 288, 21, 7),
('DEL0000023', 'Dell - Max64', 'Inserte una descripción', 'J2000050X', '367', '3', 297, 21, 14),
('DEL0000026', 'Dell - Reno9', 'Inserte una descripción', 'I3000029C', '74', '2', 129, 21, 13),
('DEL0000053', 'Dell - X34', 'Inserte una descripción', 'F6000076X', '469', '4', 79, 21, 3),
('DEL0000056', 'Dell - Reno58', 'Inserte una descripción', 'C3000033G', '38', '1', 236, 21, 3),
('DEL0000070', 'Dell - S21', 'Inserte una descripción', 'I8000059G', '188', '2', 195, 21, 5),
('DEL0000164', 'Dell - Series S51', 'Inserte una descripción', 'D2000034H', '297', '2', 160, 21, 7),
('DEL0000184', 'Dell - Mega52', 'Inserte una descripción', 'E8000075W', '117', '3', 254, 21, 7),
('DEL0000208', 'Dell - S64', 'Inserte una descripción', 'B8000012L', '254', '4', 185, 21, 15),
('DEL0000215', 'Dell - Series S4', 'Inserte una descripción', 'I8000069Q', '227', '4', 53, 21, 13),
('DEL0000240', 'Dell - Series X99', 'Inserte una descripción', 'C4000043Q', '187', '4', 204, 21, 7),
('DEL0000265', 'Dell - Mega73', 'Inserte una descripción', 'J7000070R', '445', '3', 80, 21, 3),
('DEL0000271', 'Dell - Series S5', 'Inserte una descripción', 'H2000088J', '305', '4', 99, 21, 3),
('DEL0000272', 'Dell - Max7', 'Inserte una descripción', 'F3000086H', '379', '1', 282, 21, 3),
('DEL0000285', 'Dell - Series S70', 'Inserte una descripción', 'E6000015O', '225', '3', 75, 21, 14),
('DEL0000300', 'Dell - Max86', 'Inserte una descripción', 'D1000044R', '255', '1', 258, 21, 3),
('DEL0000314', 'Dell - Reno48', 'Inserte una descripción', 'H7000078Z', '178', '1', 209, 21, 4),
('DEL0000319', 'Dell - Reno27', 'Inserte una descripción', 'H3000008H', '461', '3', 75, 21, 13),
('DEL0000322', 'Dell - X95', 'Inserte una descripción', 'C2000003C', '303', '2', 103, 21, 4),
('DEL0000338', 'Dell - High9', 'Inserte una descripción', 'C2000003C', '477', '2', 128, 21, 7),
('DEL0000355', 'Dell - High10', 'Inserte una descripción', 'F9000006F', '116', '2', 93, 21, 13),
('DEL0000383', 'Dell - Max54', 'Inserte una descripción', 'I8000059G', '70', '4', 249, 21, 3),
('DEL0000395', 'Dell - Reno68', 'Inserte una descripción', 'C2000003C', '17', '2', 107, 21, 14),
('DEL0000396', 'Dell - Series S92', 'Inserte una descripción', 'E1000025Y', '239', '2', 70, 21, 14),
('DEL0000402', 'Dell - Lite7', 'Inserte una descripción', 'B4000052Z', '198', '2', 55, 21, 7),
('DEL0000412', 'Dell - Series S58', 'Inserte una descripción', 'D1000044R', '323', '3', 274, 21, 13),
('DEL0000434', 'Dell - High89', 'Inserte una descripción', 'C9000093O', '242', '2', 231, 21, 3),
('DEL0000446', 'Dell - Reno51', 'Inserte una descripción', 'E1000055C', '200', '3', 211, 21, 5),
('DEL0000447', 'Dell - High46', 'Inserte una descripción', 'B6000072T', '114', '4', 296, 21, 14),
('DEL0000462', 'Dell - Series X72', 'Inserte una descripción', 'A5000002E', '467', '2', 109, 21, 3),
('DEL0000507', 'Dell - Series S23', 'Inserte una descripción', 'H8000098T', '404', '2', 60, 21, 3),
('DEL0000509', 'Dell - High92', 'Inserte una descripción', 'F9000056D', '12', '3', 223, 21, 7),
('DEL0000525', 'Dell - Series X71', 'Inserte una descripción', 'A5000002E', '337', '2', 65, 21, 13),
('DEL0000534', 'Dell - X51', 'Inserte una descripción', 'G1000057E', '340', '4', 100, 21, 4),
('DEL0000535', 'Dell - Series S31', 'Inserte una descripción', 'B5000042P', '407', '3', 133, 21, 5),
('DEL0000539', 'Dell - High59', 'Inserte una descripción', 'A6000081C', '44', '4', 130, 21, 15),
('DEL0000549', 'Dell - Reno73', 'Inserte una descripción', 'A5000003E', '369', '1', 71, 21, 7),
('DEL0000572', 'Dell - X35', 'Inserte una descripción', 'D3000094P', '73', '1', 169, 21, 4),
('DEL0000573', 'Dell - Lite47', 'Inserte una descripción', 'E5000065M', '173', '3', 90, 21, 4),
('DEL0000581', 'Dell - X23', 'Inserte una descripción', 'C9000093O', '323', '2', 298, 21, 15),
('DEL0000592', 'Dell - Max78', 'Inserte una descripción', 'H2000088J', '297', '3', 122, 21, 4),
('DEL0000599', 'Dell - Mega95', 'Inserte una descripción', 'D2000034H', '220', '3', 177, 21, 3),
('DEL0000626', 'Dell - Series S78', 'Inserte una descripción', 'A5009999E', '179', '2', 156, 21, 3),
('DEL0000630', 'Dell - Lite8', 'Inserte una descripción', 'D7000084F', '80', '3', 292, 21, 3),
('DEL0000634', 'Dell - S26', 'Inserte una descripción', 'F2000026Z', '319', '1', 248, 21, 13),
('DEL0000663', 'Dell - Series X43', 'Inserte una descripción', 'G3000067O', '88', '3', 229, 21, 13),
('DEL0000678', 'Dell - High53', 'Inserte una descripción', 'C3000033G', '138', '4', 264, 21, 7),
('DEL0000708', 'Dell - Reno9', 'Inserte una descripción', 'G5000007G', '329', '2', 290, 21, 4),
('DEL0000712', 'Dell - X55', 'Inserte una descripción', 'J7000020T', '429', '1', 155, 21, 7),
('DEL0000719', 'Dell - Series S13', 'Inserte una descripción', 'B8000022V', '466', '3', 164, 21, 5),
('DEL0000736', 'Dell - Max95', 'Inserte una descripción', 'D2000034H', '10', '2', 218, 21, 5),
('DEL0000791', 'Dell - High11', 'Inserte una descripción', 'D2000034H', '335', '3', 132, 21, 5),
('DEL0000809', 'Dell - Series S40', 'Inserte una descripción', 'H7000078Z', '42', '3', 152, 21, 3),
('DEL0000820', 'Dell - S41', 'Inserte una descripción', 'E7000045S', '376', '2', 295, 21, 3),
('DEL0000824', 'Dell - Max77', 'Inserte una descripción', 'J7000070R', '310', '2', 241, 21, 13),
('DEL0000834', 'Dell - Reno66', 'Inserte una descripción', 'H8000098T', '216', '3', 194, 21, 3),
('DEL0000839', 'Dell - Mega32', 'Inserte una descripción', 'E1000035I', '154', '1', 151, 21, 13),
('DEL0000856', 'Dell - Series S70', 'Inserte una descripción', 'F9000046T', '449', '3', 87, 21, 3),
('DEL0000879', 'Dell - Reno31', 'Inserte una descripción', 'A8000091M', '370', '2', 252, 21, 5),
('DEL0000888', 'Dell - X18', 'Inserte una descripción', 'B4000052Z', '269', '3', 284, 21, 4),
('DEL0000906', 'Dell - Series X44', 'Inserte una descripción', 'H5000068P', '426', '1', 93, 21, 15),
('DEL0000926', 'Dell - Series X32', 'Inserte una descripción', 'E7000045S', '475', '1', 118, 21, 5),
('DEL0000931', 'Dell - Mega18', 'Inserte una descripción', 'H3000008H', '151', '3', 173, 21, 4),
('DEL0000934', 'Dell - High88', 'Inserte una descripción', 'C3000023W', '105', '1', 114, 21, 14),
('DEL0000969', 'Dell - S80', 'Inserte una descripción', 'A5000031E', '98', '4', 117, 21, 14),
('DEL0001005', 'Dell - Reno68', 'Inserte una descripción', 'E7000045S', '33', '3', 70, 21, 3),
('DEL0001010', 'Dell - Series X49', 'Inserte una descripción', 'G9000047U', '252', '3', 162, 21, 7),
('DEL0001018', 'Dell - Lite64', 'Inserte una descripción', 'C3000033G', '193', '3', 148, 21, 15),
('GOO0000014', 'Google - Lite79', 'Inserte una descripción', 'E5000095Q', '447', '3', 136, 21, 15),
('GOO0000029', 'Google - X10', 'Inserte una descripción', 'A5000002E', '482', '3', 232, 21, 3),
('GOO0000037', 'Google - Reno4', 'Inserte una descripción', 'G7000077Y', '465', '2', 266, 21, 15),
('GOO0000046', 'Google - X62', 'Inserte una descripción', 'F9000056D', '39', '3', 249, 21, 7),
('GOO0000052', 'Google - Mega23', 'Inserte una descripción', 'C6000063K', '468', '1', 61, 21, 4),
('GOO0000086', 'Google - Reno5', 'Inserte una descripción', 'C3000033G', '145', '2', 193, 21, 14),
('GOO0000117', 'Google - Reno43', 'Inserte una descripción', 'A6000081C', '482', '4', 135, 21, 3),
('GOO0000121', 'Google - X56', 'Inserte una descripción', 'E1000035I', '39', '2', 179, 21, 4),
('GOO0000149', 'Google - Lite51', 'Inserte una descripción', 'C4000043Q', '320', '1', 280, 21, 5),
('GOO0000172', 'Google - Reno89', 'Inserte una descripción', 'A8000091M', '270', '2', 86, 21, 3),
('GOO0000192', 'Google - X11', 'Inserte una descripción', 'E6000015O', '273', '4', 277, 21, 3),
('GOO0000206', 'Google - S25', 'Inserte una descripción', 'I7000079A', '396', '4', 250, 21, 5),
('GOO0000337', 'Google - X86', 'Inserte una descripción', 'G4000017Q', '489', '2', 208, 21, 4),
('GOO0000341', 'Google - High58', 'Inserte una descripción', 'E8000075W', '471', '3', 179, 21, 4),
('GOO0000349', 'Google - Lite1', 'Inserte una descripción', 'D1000074V', '325', '1', 215, 21, 3),
('GOO0000356', 'Google - Reno36', 'Inserte una descripción', 'I3000029C', '391', '1', 143, 21, 5),
('GOO0000394', 'Google - High96', 'Inserte una descripción', 'H2000058F', '123', '1', 262, 21, 4),
('GOO0000397', 'Google - X30', 'Inserte una descripción', 'H9000018R', '38', '2', 81, 21, 7),
('GOO0000410', 'Google - Max80', 'Inserte una descripción', 'A5000002E', '343', '4', 101, 21, 13),
('GOO0000418', 'Google - Series S90', 'Inserte una descripción', 'J3000090L', '47', '3', 125, 21, 13),
('GOO0000420', 'Google - Lite87', 'Inserte una descripción', 'J2000050X', '18', '2', 253, 21, 15),
('GOO0000435', 'Google - Lite37', 'Inserte una descripción', 'H2000058F', '451', '1', 282, 21, 13),
('GOO0000436', 'Google - Series X17', 'Inserte una descripción', 'I8000069Q', '1', '2', 55, 21, 7),
('GOO0000437', 'Google - High14', 'Inserte una descripción', 'C4000043Q', '473', '3', 96, 21, 5),
('GOO0000439', 'Google - Max79', 'Inserte una descripción', 'A7000041O', '40', '3', 221, 21, 7),
('GOO0000440', 'Google - Max96', 'Inserte una descripción', 'G1000027A', '35', '2', 209, 21, 7),
('GOO0000445', 'Google - Lite6', 'Inserte una descripción', 'F6000076X', '330', '4', 233, 21, 13),
('GOO0000479', 'Google - S99', 'Inserte una descripción', 'I3000029C', '453', '2', 111, 21, 7),
('GOO0000480', 'Google - Series S57', 'Inserte una descripción', 'D1000044R', '466', '2', 217, 21, 15),
('GOO0000484', 'Google - Series S56', 'Inserte una descripción', 'D3000064L', '481', '1', 280, 21, 15),
('GOO0000497', 'Google - High64', 'Inserte una descripción', 'I8000059G', '408', '1', 79, 21, 15),
('GOO0000531', 'Google - Mega8', 'Inserte una descripción', 'J7000020T', '287', '3', 134, 21, 15),
('GOO0000544', 'Google - X26', 'Inserte una descripción', 'I3000019S', '155', '2', 241, 21, 4),
('GOO0000568', 'Google - Mega2', 'Inserte una descripción', 'I1000009I', '245', '2', 209, 21, 4),
('GOO0000571', 'Google - Mega7', 'Inserte una descripción', 'A8000091M', '185', '3', 62, 21, 4),
('GOO0000577', 'Google - S7', 'Inserte una descripción', 'F2000026Z', '289', '4', 106, 21, 13),
('GOO0000579', 'Google - High29', 'Inserte una descripción', 'G1000057E', '273', '3', 287, 21, 4),
('GOO0000613', 'Google - Mega91', 'Inserte una descripción', 'H3000048V', '441', '2', 181, 21, 15),
('GOO0000641', 'Google - Reno87', 'Inserte una descripción', 'J1000060H', '190', '3', 73, 21, 15),
('GOO0000651', 'Google - Series S90', 'Inserte una descripción', 'D9000004D', '407', '4', 267, 21, 13),
('GOO0000693', 'Google - Reno29', 'Inserte una descripción', 'A8000021U', '174', '2', 277, 21, 3),
('GOO0000748', 'Google - Max49', 'Inserte una descripción', 'G3000097S', '71', '2', 245, 21, 13),
('GOO0000770', 'Google - Series X56', 'Inserte una descripción', 'C1000083E', '312', '1', 134, 21, 7),
('GOO0000781', 'Google - High75', 'Inserte una descripción', 'F2000066N', '215', '3', 121, 21, 7),
('GOO0000782', 'Google - Lite82', 'Inserte una descripción', 'C6000073U', '274', '2', 157, 21, 15),
('GOO0000787', 'Google - Mega93', 'Inserte una descripción', 'G3000097S', '381', '2', 256, 21, 7),
('GOO0000792', 'Google - S22', 'Inserte una descripción', 'J6000040N', '22', '2', 250, 21, 5),
('GOO0000803', 'Google - Lite98', 'Inserte una descripción', 'J1000060H', '162', '2', 217, 21, 3),
('GOO0000811', 'Google - Series S95', 'Inserte una descripción', 'A6000071S', '224', '3', 53, 21, 13),
('GOO0000864', 'Google - Lite22', 'Inserte una descripción', 'D9000054B', '11', '2', 275, 21, 7),
('GOO0000868', 'Google - High43', 'Inserte una descripción', 'J7000020T', '140', '2', 74, 21, 14),
('GOO0000875', 'Google - X91', 'Inserte una descripción', 'B5000082D', '201', '3', 89, 21, 4),
('GOO0000910', 'Google - Max85', 'Inserte una descripción', 'G2000087I', '363', '2', 102, 21, 5),
('GOO0000915', 'Google - Max78', 'Inserte una descripción', 'A6000081C', '416', '4', 162, 21, 14),
('GOO0000979', 'Google - S38', 'Inserte una descripción', 'C1000083E', '463', '2', 146, 21, 3),
('GOO0000996', 'Google - Reno22', 'Inserte una descripción', 'G1000027A', '229', '2', 68, 21, 14),
('GOO0001019', 'Google - Lite26', 'Inserte una descripción', 'D7000084F', '250', '2', 187, 21, 7),
('HIT0000010', 'Hitachi - Series S51', 'Inserte una descripción', 'C6000063K', '102', '2', 195, 21, 3),
('HIT0000030', 'Hitachi - Reno86', 'Inserte una descripción', 'C3000033G', '286', '2', 117, 21, 13),
('HIT0000035', 'Hitachi - Mega28', 'Inserte una descripción', 'H8000098T', '212', '3', 216, 21, 3),
('HIT0000051', 'Hitachi - Mega47', 'Inserte una descripción', 'J2000050X', '238', '1', 120, 21, 13),
('HIT0000055', 'Hitachi - High27', 'Inserte una descripción', 'D7000084F', '459', '3', 260, 21, 7),
('HIT0000114', 'Hitachi - Series X19', 'Inserte una descripción', 'C1000083E', '5', '2', 202, 21, 7),
('HIT0000115', 'Hitachi - Reno45', 'Inserte una descripción', 'A5009999E', '313', '2', 104, 21, 14),
('HIT0000135', 'Hitachi - Lite32', 'Inserte una descripción', 'H5000068P', '446', '1', 232, 21, 4),
('HIT0000141', 'Hitachi - Max5', 'Inserte una descripción', 'A5009999E', '307', '2', 262, 21, 14),
('HIT0000147', 'Hitachi - High92', 'Inserte una descripción', 'J7000020T', '59', '2', 260, 21, 7),
('HIT0000153', 'Hitachi - X65', 'Inserte una descripción', 'E1000085G', '129', '2', 90, 21, 4),
('HIT0000156', 'Hitachi - Series X10', 'Inserte una descripción', 'E1000035I', '132', '3', 147, 21, 13),
('HIT0000180', 'Hitachi - Lite62', 'Inserte una descripción', 'F3000086H', '255', '4', 260, 21, 14),
('HIT0000183', 'Hitachi - Reno38', 'Inserte una descripción', 'B7000002B', '424', '1', 253, 21, 4),
('HIT0000185', 'Hitachi - High29', 'Inserte una descripción', 'H9000038L', '204', '1', 161, 21, 3),
('HIT0000196', 'Hitachi - Reno8', 'Inserte una descripción', 'C1000013M', '353', '3', 120, 21, 13),
('HIT0000252', 'Hitachi - Lite11', 'Inserte una descripción', 'B8000012L', '65', '3', 162, 21, 4),
('HIT0000282', 'Hitachi - Series X83', 'Inserte una descripción', 'E1000085G', '282', '3', 266, 21, 14),
('HIT0000288', 'Hitachi - High35', 'Inserte una descripción', 'E2000005E', '97', '1', 221, 21, 3),
('HIT0000312', 'Hitachi - Mega63', 'Inserte una descripción', 'A5009999E', '402', '1', 151, 21, 13),
('HIT0000323', 'Hitachi - Max70', 'Inserte una descripción', 'B5000082D', '302', '3', 99, 21, 14),
('HIT0000326', 'Hitachi - Reno9', 'Inserte una descripción', 'G5000037K', '66', '4', 214, 21, 3),
('HIT0000339', 'Hitachi - X90', 'Inserte una descripción', 'B5000042P', '169', '3', 101, 21, 4),
('HIT0000365', 'Hitachi - Reno99', 'Inserte una descripción', 'G4000017Q', '457', '4', 57, 21, 7),
('HIT0000370', 'Hitachi - Mega42', 'Inserte una descripción', 'G2000087I', '312', '3', 268, 21, 13),
('HIT0000373', 'Hitachi - Series X61', 'Inserte una descripción', 'G1000057E', '361', '3', 71, 21, 5),
('HIT0000380', 'Hitachi - Max59', 'Inserte una descripción', 'B1000062J', '211', '3', 76, 21, 5),
('HIT0000460', 'Hitachi - Reno2', 'Inserte una descripción', 'B7000002B', '22', '2', 267, 21, 4),
('HIT0000465', 'Hitachi - Lite23', 'Inserte una descripción', 'H2000028B', '321', '2', 197, 21, 5),
('HIT0000516', 'Hitachi - High77', 'Inserte una descripción', 'H8000098T', '275', '2', 237, 21, 14),
('HIT0000521', 'Hitachi - Series X48', 'Inserte una descripción', 'G1000057E', '457', '4', 122, 21, 5),
('HIT0000567', 'Hitachi - Reno86', 'Inserte una descripción', 'J2000030D', '24', '3', 218, 21, 3),
('HIT0000574', 'Hitachi - Series S54', 'Inserte una descripción', 'D1000074V', '456', '3', 292, 21, 4),
('HIT0000635', 'Hitachi - Reno89', 'Inserte una descripción', 'I7000079A', '57', '2', 80, 21, 4),
('HIT0000652', 'Hitachi - Series S92', 'Inserte una descripción', 'D3000014N', '156', '3', 273, 21, 3),
('HIT0000653', 'Hitachi - X16', 'Inserte una descripción', 'B9000032F', '317', '2', 97, 21, 3),
('HIT0000660', 'Hitachi - High89', 'Inserte una descripción', 'F9000046T', '348', '2', 279, 21, 13),
('HIT0000665', 'Hitachi - S32', 'Inserte una descripción', 'B5000082D', '326', '2', 175, 21, 4),
('HIT0000668', 'Hitachi - Max9', 'Inserte una descripción', 'F3000086H', '448', '2', 287, 21, 7),
('HIT0000672', 'Hitachi - Max67', 'Inserte una descripción', 'J2000050X', '480', '4', 77, 21, 4),
('HIT0000677', 'Hitachi - Series X50', 'Inserte una descripción', 'I3000039M', '276', '3', 216, 21, 13),
('HIT0000707', 'Hitachi - S49', 'Inserte una descripción', 'C3000033G', '329', '1', 199, 21, 15),
('HIT0000720', 'Hitachi - Mega82', 'Inserte una descripción', 'A5000031E', '410', '2', 263, 21, 5),
('HIT0000722', 'Hitachi - Reno28', 'Inserte una descripción', 'C9000053A', '102', '2', 247, 21, 14),
('HIT0000744', 'Hitachi - Mega49', 'Inserte una descripción', 'H9000038L', '256', '2', 125, 21, 3),
('HIT0000768', 'Hitachi - Series S9', 'Inserte una descripción', 'G4000017Q', '20', '4', 202, 21, 3),
('HIT0000775', 'Hitachi - Max59', 'Inserte una descripción', 'E6000015O', '384', '2', 144, 21, 15),
('HIT0000780', 'Hitachi - X17', 'Inserte una descripción', 'B9000032F', '287', '4', 95, 21, 15),
('HIT0000841', 'Hitachi - S38', 'Inserte una descripción', 'I1000009I', '464', '4', 291, 21, 3),
('HIT0000845', 'Hitachi - Mega54', 'Inserte una descripción', 'J2000050X', '225', '2', 206, 21, 15),
('HIT0000867', 'Hitachi - Max15', 'Inserte una descripción', 'I3000029C', '262', '4', 137, 21, 7),
('HIT0000896', 'Hitachi - Series X85', 'Inserte una descripción', 'C9000053A', '375', '2', 80, 21, 14),
('HIT0000898', 'Hitachi - High38', 'Inserte una descripción', 'A5000031E', '389', '3', 76, 21, 5),
('HIT0000916', 'Hitachi - Max73', 'Inserte una descripción', 'E5000065M', '247', '3', 66, 21, 15),
('HIT0000945', 'Hitachi - Reno41', 'Inserte una descripción', 'J2000050X', '209', '2', 225, 21, 15),
('HIT0000965', 'Hitachi - Reno3', 'Inserte una descripción', 'A8000091M', '269', '3', 158, 21, 13),
('HIT0000967', 'Hitachi - S26', 'Inserte una descripción', 'E1000025Y', '174', '2', 123, 21, 5),
('HP0000006', 'HP - Lite3', 'Inserte una descripción', 'C6000073U', '449', '2', 85, 21, 4),
('HP0000018', 'HP - High64', 'Inserte una descripción', 'J2000050X', '297', '3', 95, 21, 7),
('HP0000028', 'HP - Series X23', 'Inserte una descripción', 'B9000032F', '14', '2', 140, 21, 4),
('HP0000031', 'HP - High15', 'Inserte una descripción', 'B6000072T', '63', '3', 100, 21, 7),
('HP0000032', 'HP - Reno79', 'Inserte una descripción', 'H5000068P', '172', '3', 254, 21, 13),
('HP0000040', 'HP - X51', 'Inserte una descripción', 'F9000056D', '223', '2', 158, 21, 15),
('HP0000054', 'HP - S98', 'Inserte una descripción', 'D1000044R', '49', '4', 105, 21, 7),
('HP0000079', 'HP - S52', 'Inserte una descripción', 'E1000085G', '332', '1', 125, 21, 7),
('HP0000088', 'HP - Max38', 'Inserte una descripción', 'H2000088J', '75', '1', 240, 21, 4),
('HP0000129', 'HP - Mega21', 'Inserte una descripción', 'J8000010J', '297', '1', 224, 21, 14),
('HP0000130', 'HP - Max10', 'Inserte una descripción', 'D3000024X', '319', '3', 222, 21, 4),
('HP0000134', 'HP - Reno86', 'Inserte una descripción', 'C9000053A', '13', '4', 227, 21, 3),
('HP0000148', 'HP - High58', 'Inserte una descripción', 'H7000078Z', '28', '4', 240, 21, 5),
('HP0000167', 'HP - Max29', 'Inserte una descripción', 'H5000068P', '196', '1', 126, 21, 13),
('HP0000194', 'HP - Max24', 'Inserte una descripción', 'J2000080B', '48', '3', 258, 21, 15),
('HP0000213', 'HP - X12', 'Inserte una descripción', 'J2000030D', '210', '3', 249, 21, 5),
('HP0000249', 'HP - Series S90', 'Inserte una descripción', 'F2000026Z', '136', '2', 133, 21, 15),
('HP0000250', 'HP - Mega77', 'Inserte una descripción', 'B3000092N', '327', '3', 190, 21, 13),
('HP0000262', 'HP - Lite53', 'Inserte una descripción', 'G5000007G', '422', '2', 99, 21, 4),
('HP0000292', 'HP - High12', 'Inserte una descripción', 'I3000019S', '457', '3', 261, 21, 5),
('HP0000305', 'HP - High35', 'Inserte una descripción', 'H2000088J', '370', '2', 175, 21, 3),
('HP0000318', 'HP - Max58', 'Inserte una descripción', 'G1000027A', '104', '3', 258, 21, 14),
('HP0000332', 'HP - Mega53', 'Inserte una descripción', 'F9000046T', '321', '3', 155, 21, 13),
('HP0000359', 'HP - Mega19', 'Inserte una descripción', 'C3000033G', '187', '4', 140, 21, 13),
('HP0000368', 'HP - Lite53', 'Inserte una descripción', 'C6000063K', '454', '2', 269, 21, 4),
('HP0000376', 'HP - S98', 'Inserte una descripción', 'F9000096R', '139', '2', 165, 21, 13),
('HP0000390', 'HP - Max96', 'Inserte una descripción', 'B4000052Z', '410', '2', 240, 21, 4),
('HP0000393', 'HP - Series S51', 'Inserte una descripción', 'F6000076X', '264', '3', 254, 21, 4),
('HP0000405', 'HP - Lite43', 'Inserte una descripción', 'C1000083E', '93', '3', 147, 21, 13),
('HP0000411', 'HP - Max71', 'Inserte una descripción', 'G5000037K', '222', '1', 202, 21, 14),
('HP0000425', 'HP - S75', 'Inserte una descripción', 'A5000002E', '242', '3', 286, 21, 14),
('HP0000430', 'HP - Max87', 'Inserte una descripción', 'H3000008H', '429', '2', 291, 21, 3),
('HP0000448', 'HP - Reno55', 'Inserte una descripción', 'D3000064L', '382', '1', 75, 21, 15),
('HP0000461', 'HP - Series X23', 'Inserte una descripción', 'D2000034H', '355', '4', 51, 21, 15),
('HP0000468', 'HP - Series X8', 'Inserte una descripción', 'E1000025Y', '182', '2', 155, 21, 13),
('HP0000489', 'HP - Series X25', 'Inserte una descripción', 'I6000049W', '183', '3', 107, 21, 14),
('HP0000495', 'HP - Max4', 'Inserte una descripción', 'J2000050X', '362', '2', 62, 21, 13),
('HP0000518', 'HP - S41', 'Inserte una descripción', 'A8000021U', '212', '4', 100, 21, 3),
('HP0000588', 'HP - S50', 'Inserte una descripción', 'H9000018R', '482', '4', 206, 21, 7),
('HP0000589', 'HP - S38', 'Inserte una descripción', 'G2000087I', '277', '1', 233, 21, 3),
('HP0000615', 'HP - Series X61', 'Inserte una descripción', 'F4000016P', '166', '1', 273, 21, 7),
('HP0000620', 'HP - S18', 'Inserte una descripción', 'I1000009I', '301', '3', 127, 21, 14),
('HP0000696', 'HP - X38', 'Inserte una descripción', 'F9000006F', '111', '2', 245, 21, 5),
('HP0000706', 'HP - Max48', 'Inserte una descripción', 'E5000065M', '127', '1', 191, 21, 15),
('HP0000717', 'HP - Mega81', 'Inserte una descripción', 'B1000062J', '462', '1', 243, 21, 15),
('HP0000721', 'HP - High11', 'Inserte una descripción', 'I8000069Q', '224', '2', 194, 21, 14),
('HP0000752', 'HP - Lite99', 'Inserte una descripción', 'E8000075W', '147', '3', 157, 21, 7),
('HP0000754', 'HP - High56', 'Inserte una descripción', 'I3000039M', '319', '2', 199, 21, 13),
('HP0000758', 'HP - S32', 'Inserte una descripción', 'C9000093O', '150', '1', 177, 21, 7),
('HP0000767', 'HP - Series X68', 'Inserte una descripción', 'B7000002B', '196', '3', 298, 21, 3),
('HP0000826', 'HP - S71', 'Inserte una descripción', 'H2000028B', '320', '2', 53, 21, 4),
('HP0000828', 'HP - X29', 'Inserte una descripción', 'J8000010J', '82', '4', 278, 21, 5),
('HP0000829', 'HP - High86', 'Inserte una descripción', 'E5000095Q', '350', '3', 65, 21, 7),
('HP0000848', 'HP - Mega53', 'Inserte una descripción', 'J2000030D', '325', '3', 124, 21, 3),
('HP0000853', 'HP - Reno30', 'Inserte una descripción', 'B5000042P', '304', '2', 95, 21, 5),
('HP0000854', 'HP - X74', 'Inserte una descripción', 'J8000010J', '400', '2', 274, 21, 13),
('HP0000884', 'HP - X98', 'Inserte una descripción', 'H2000088J', '239', '3', 234, 21, 5),
('HP0000957', 'HP - Reno65', 'Inserte una descripción', 'E7000045S', '28', '4', 69, 21, 15),
('HP0000993', 'HP - High91', 'Inserte una descripción', 'D3000024X', '252', '2', 132, 21, 3),
('HP0001022', 'HP - Lite15', 'Inserte una descripción', 'I3000039M', '117', '2', 292, 21, 13),
('IBM0000008', 'IBM - Lite70', 'Inserte una descripción', 'A5000003E', '354', '3', 156, 21, 3),
('IBM0000013', 'IBM - High32', 'Inserte una descripción', 'A6000071S', '169', '3', 67, 21, 7),
('IBM0000019', 'IBM - Series X90', 'Inserte una descripción', 'H2000058F', '433', '2', 255, 21, 15),
('IBM0000027', 'IBM - Series X55', 'Inserte una descripción', 'F9000006F', '109', '3', 209, 21, 13),
('IBM0000095', 'IBM - S69', 'Inserte una descripción', 'D1000074V', '38', '2', 127, 21, 4),
('IBM0000098', 'IBM - High5', 'Inserte una descripción', 'J7000020T', '371', '3', 230, 21, 5),
('IBM0000100', 'IBM - High49', 'Inserte una descripción', 'A6000081C', '60', '2', 76, 21, 5),
('IBM0000103', 'IBM - Reno28', 'Inserte una descripción', 'I4000099U', '210', '3', 108, 21, 7),
('IBM0000105', 'IBM - Mega8', 'Inserte una descripción', 'B5000082D', '374', '2', 276, 21, 14),
('IBM0000112', 'IBM - Max76', 'Inserte una descripción', 'B1000062J', '51', '2', 102, 21, 15),
('IBM0000170', 'IBM - Reno1', 'Inserte una descripción', 'H9000018R', '231', '3', 91, 21, 13),
('IBM0000211', 'IBM - Lite77', 'Inserte una descripción', 'I1000009I', '245', '3', 110, 21, 4),
('IBM0000224', 'IBM - Series S4', 'Inserte una descripción', 'H9000018R', '417', '1', 170, 21, 14),
('IBM0000227', 'IBM - Mega40', 'Inserte una descripción', 'D3000064L', '56', '3', 265, 21, 3),
('IBM0000278', 'IBM - Series X54', 'Inserte una descripción', 'C6000063K', '426', '1', 254, 21, 3),
('IBM0000306', 'IBM - Series X24', 'Inserte una descripción', 'A8000011K', '167', '3', 242, 21, 13),
('IBM0000311', 'IBM - Mega54', 'Inserte una descripción', 'F3000086H', '97', '1', 97, 21, 13),
('IBM0000328', 'IBM - Max48', 'Inserte una descripción', 'G4000017Q', '452', '3', 189, 21, 14),
('IBM0000330', 'IBM - Series X64', 'Inserte una descripción', 'B3000092N', '406', '4', 153, 21, 15),
('IBM0000352', 'IBM - X79', 'Inserte una descripción', 'A8000051Y', '439', '3', 260, 21, 13),
('IBM0000357', 'IBM - High77', 'Inserte una descripción', 'B4000052Z', '203', '3', 131, 21, 7),
('IBM0000364', 'IBM - X22', 'Inserte una descripción', 'I3000039M', '373', '3', 119, 21, 7),
('IBM0000423', 'IBM - X68', 'Inserte una descripción', 'G9000047U', '418', '2', 208, 21, 14),
('IBM0000450', 'IBM - High26', 'Inserte una descripción', 'E5000065M', '63', '2', 221, 21, 13),
('IBM0000458', 'IBM - Mega84', 'Inserte una descripción', 'H7000078Z', '167', '3', 176, 21, 14),
('IBM0000485', 'IBM - X93', 'Inserte una descripción', 'G3000097S', '56', '4', 52, 21, 4),
('IBM0000488', 'IBM - Mega80', 'Inserte una descripción', 'H7000078Z', '334', '3', 267, 21, 5),
('IBM0000493', 'IBM - X1', 'Inserte una descripción', 'B8000012L', '160', '3', 105, 21, 15),
('IBM0000538', 'IBM - Reno50', 'Inserte una descripción', 'A6000071S', '230', '2', 72, 21, 4),
('IBM0000542', 'IBM - Reno93', 'Inserte una descripción', 'D3000024X', '344', '3', 138, 21, 15),
('IBM0000547', 'IBM - Reno54', 'Inserte una descripción', 'A5000002E', '83', '4', 168, 21, 15),
('IBM0000569', 'IBM - S67', 'Inserte una descripción', 'G5000007G', '225', '3', 161, 21, 15),
('IBM0000586', 'IBM - Mega19', 'Inserte una descripción', 'I6000049W', '4', '3', 156, 21, 3),
('IBM0000618', 'IBM - Max31', 'Inserte una descripción', 'E5000065M', '268', '3', 65, 21, 7),
('IBM0000632', 'IBM - Reno96', 'Inserte una descripción', 'H7000078Z', '266', '1', 269, 21, 3),
('IBM0000667', 'IBM - Lite11', 'Inserte una descripción', 'A5000031E', '344', '2', 80, 21, 5),
('IBM0000673', 'IBM - Series S62', 'Inserte una descripción', 'F2000066N', '207', '3', 135, 21, 5),
('IBM0000686', 'IBM - S51', 'Inserte una descripción', 'F2000026Z', '151', '1', 219, 21, 4),
('IBM0000711', 'IBM - Mega14', 'Inserte una descripción', 'A8000051Y', '297', '3', 292, 21, 14),
('IBM0000714', 'IBM - S10', 'Inserte una descripción', 'E8000075W', '353', '2', 176, 21, 14),
('IBM0000718', 'IBM - S23', 'Inserte una descripción', 'C9000093O', '160', '2', 225, 21, 4),
('IBM0000755', 'IBM - S86', 'Inserte una descripción', 'I7000079A', '286', '2', 109, 21, 4),
('IBM0000760', 'IBM - Mega14', 'Inserte una descripción', 'B6000072T', '262', '1', 82, 21, 3),
('IBM0000786', 'IBM - Max98', 'Inserte una descripción', 'C3000033G', '441', '2', 189, 21, 5),
('IBM0000790', 'IBM - Series S15', 'Inserte una descripción', 'J2000080B', '207', '2', 278, 21, 5),
('IBM0000823', 'IBM - High32', 'Inserte una descripción', 'A6000071S', '201', '3', 184, 21, 3),
('IBM0000847', 'IBM - X4', 'Inserte una descripción', 'D1000074V', '463', '3', 271, 21, 13),
('IBM0000865', 'IBM - Lite36', 'Inserte una descripción', 'A5009999E', '246', '3', 203, 21, 4),
('IBM0000869', 'IBM - Series S5', 'Inserte una descripción', 'J6000040N', '267', '3', 144, 21, 5),
('IBM0000890', 'IBM - Series S81', 'Inserte una descripción', 'B4000052Z', '107', '4', 78, 21, 13),
('IBM0000895', 'IBM - S70', 'Inserte una descripción', 'D1000044R', '172', '2', 206, 21, 7),
('IBM0000901', 'IBM - Reno88', 'Inserte una descripción', 'I1000009I', '458', '1', 120, 21, 5),
('IBM0000905', 'IBM - Series S82', 'Inserte una descripción', 'E1000035I', '181', '1', 54, 21, 13),
('IBM0000948', 'IBM - Lite27', 'Inserte una descripción', 'H3000008H', '343', '3', 54, 21, 14),
('IBM0000959', 'IBM - Reno30', 'Inserte una descripción', 'I7000079A', '423', '3', 256, 21, 5),
('IBM0000972', 'IBM - X74', 'Inserte una descripción', 'H2000088J', '411', '1', 228, 21, 13),
('IBM0000992', 'IBM - Reno59', 'Inserte una descripción', 'G1000027A', '303', '1', 97, 21, 4),
('IBM0001000', 'IBM - Series S18', 'Inserte una descripción', 'G1000057E', '316', '1', 62, 21, 7),
('IBM0001004', 'IBM - High94', 'Inserte una descripción', 'C6000063K', '24', '1', 192, 21, 14),
('LG0000015', 'LG - Series X53', 'Inserte una descripción', 'E1000085G', '173', '2', 95, 21, 3),
('LG0000017', 'LG - X63', 'Inserte una descripción', 'I2000089K', '213', '2', 57, 21, 15),
('LG0000042', 'LG - Reno24', 'Inserte una descripción', 'A6000061I', '480', '3', 243, 21, 13),
('LG0000074', 'LG - Series X81', 'Inserte una descripción', 'A8000011K', '315', '1', 291, 21, 13),
('LG0000084', 'LG - S64', 'Inserte una descripción', 'B8000022V', '480', '3', 178, 21, 4),
('LG0000124', 'LG - High14', 'Inserte una descripción', 'A8000051Y', '61', '1', 97, 21, 5),
('LG0000138', 'LG - Max18', 'Inserte una descripción', 'D7000084F', '194', '2', 131, 21, 15),
('LG0000144', 'LG - Series S7', 'Inserte una descripción', 'A6000061I', '172', '3', 80, 21, 4),
('LG0000145', 'LG - S58', 'Inserte una descripción', 'F9000046T', '3', '2', 154, 21, 15),
('LG0000200', 'LG - Mega55', 'Inserte una descripción', 'G1000057E', '495', '2', 232, 21, 5),
('LG0000204', 'LG - Series X4', 'Inserte una descripción', 'F9000006F', '46', '4', 74, 21, 15),
('LG0000212', 'LG - Lite43', 'Inserte una descripción', 'H8000098T', '402', '3', 249, 21, 7),
('LG0000233', 'LG - S54', 'Inserte una descripción', 'E2000005E', '448', '2', 73, 21, 13),
('LG0000254', 'LG - Lite74', 'Inserte una descripción', 'I3000019S', '366', '1', 264, 21, 4),
('LG0000267', 'LG - High45', 'Inserte una descripción', 'I8000059G', '145', '3', 157, 21, 3),
('LG0000279', 'LG - High4', 'Inserte una descripción', 'I3000019S', '344', '2', 122, 21, 13),
('LG0000301', 'LG - Series S29', 'Inserte una descripción', 'D7000084F', '428', '3', 97, 21, 4),
('LG0000320', 'LG - Series S49', 'Inserte una descripción', 'C9000053A', '421', '3', 238, 21, 7),
('LG0000325', 'LG - High89', 'Inserte una descripción', 'I3000039M', '189', '1', 205, 21, 3),
('LG0000331', 'LG - Lite55', 'Inserte una descripción', 'B7000002B', '30', '3', 289, 21, 3),
('LG0000340', 'LG - X13', 'Inserte una descripción', 'I3000039M', '133', '1', 71, 21, 5),
('LG0000392', 'LG - S51', 'Inserte una descripción', 'E2000005E', '430', '1', 154, 21, 15),
('LG0000401', 'LG - Reno51', 'Inserte una descripción', 'F4000016P', '83', '2', 121, 21, 13),
('LG0000404', 'LG - Series X9', 'Inserte una descripción', 'C3000033G', '471', '1', 145, 21, 14),
('LG0000414', 'LG - Series X1', 'Inserte una descripción', 'I1000009I', '219', '4', 274, 21, 7),
('LG0000415', 'LG - Series X57', 'Inserte una descripción', 'J8000010J', '234', '2', 275, 21, 3),
('LG0000477', 'LG - Lite88', 'Inserte una descripción', 'H3000008H', '319', '2', 163, 21, 13),
('LG0000491', 'LG - X56', 'Inserte una descripción', 'E6000015O', '264', '2', 104, 21, 13),
('LG0000501', 'LG - Max90', 'Inserte una descripción', 'H3000048V', '288', '2', 181, 21, 7),
('LG0000515', 'LG - High27', 'Inserte una descripción', 'I3000019S', '462', '2', 63, 21, 7),
('LG0000532', 'LG - Reno5', 'Inserte una descripción', 'B7000002B', '210', '4', 110, 21, 4);
INSERT INTO `producto` (`codigo`, `nombre`, `descripcion`, `proveedor`, `coste`, `margen`, `stock`, `iva`, `id_categoria`) VALUES
('LG0000557', 'LG - Max46', 'Inserte una descripción', 'A5000003E', '417', '3', 216, 21, 15),
('LG0000564', 'LG - Series X32', 'Inserte una descripción', 'I1000009I', '122', '1', 158, 21, 13),
('LG0000565', 'LG - Max44', 'Inserte una descripción', 'J2000080B', '165', '2', 98, 21, 5),
('LG0000582', 'LG - Series X13', 'Inserte una descripción', 'A8000021U', '102', '1', 242, 21, 15),
('LG0000584', 'LG - High84', 'Inserte una descripción', 'G3000097S', '404', '2', 92, 21, 14),
('LG0000602', 'LG - S89', 'Inserte una descripción', 'J6000040N', '440', '3', 286, 21, 4),
('LG0000606', 'LG - Max41', 'Inserte una descripción', 'D3000014N', '266', '4', 174, 21, 15),
('LG0000612', 'LG - Max40', 'Inserte una descripción', 'I3000039M', '112', '4', 259, 21, 13),
('LG0000621', 'LG - High25', 'Inserte una descripción', 'B3000092N', '275', '2', 263, 21, 3),
('LG0000631', 'LG - Reno33', 'Inserte una descripción', 'G3000067O', '197', '4', 60, 21, 13),
('LG0000676', 'LG - High89', 'Inserte una descripción', 'H9000018R', '454', '2', 121, 21, 13),
('LG0000689', 'LG - Series X40', 'Inserte una descripción', 'J2000030D', '381', '3', 74, 21, 13),
('LG0000699', 'LG - S54', 'Inserte una descripción', 'E5000065M', '374', '4', 144, 21, 14),
('LG0000701', 'LG - Series S95', 'Inserte una descripción', 'I6000049W', '479', '3', 224, 21, 15),
('LG0000716', 'LG - Reno18', 'Inserte una descripción', 'G2000087I', '222', '3', 92, 21, 3),
('LG0000724', 'LG - S39', 'Inserte una descripción', 'H8000098T', '438', '3', 214, 21, 4),
('LG0000731', 'LG - Reno7', 'Inserte una descripción', 'J3000090L', '71', '1', 249, 21, 5),
('LG0000742', 'LG - High67', 'Inserte una descripción', 'E7000045S', '155', '2', 231, 21, 3),
('LG0000750', 'LG - X94', 'Inserte una descripción', 'H2000088J', '280', '2', 77, 21, 4),
('LG0000793', 'LG - Lite80', 'Inserte una descripción', 'G5000037K', '235', '1', 132, 21, 15),
('LG0000812', 'LG - Reno13', 'Inserte una descripción', 'B6000072T', '218', '3', 287, 21, 5),
('LG0000835', 'LG - Lite98', 'Inserte una descripción', 'C1000013M', '330', '3', 297, 21, 14),
('LG0000844', 'LG - S43', 'Inserte una descripción', 'I3000019S', '426', '1', 222, 21, 13),
('LG0000849', 'LG - S90', 'Inserte una descripción', 'I4000099U', '129', '1', 53, 21, 7),
('LG0000870', 'LG - Series S88', 'Inserte una descripción', 'H9000038L', '200', '3', 132, 21, 15),
('LG0000873', 'LG - Series S26', 'Inserte una descripción', 'A7000041O', '480', '3', 172, 21, 7),
('LG0000877', 'LG - Lite93', 'Inserte una descripción', 'F9000046T', '248', '4', 217, 21, 4),
('LG0000880', 'LG - High40', 'Inserte una descripción', 'G4000017Q', '90', '3', 118, 21, 7),
('LG0000892', 'LG - X14', 'Inserte una descripción', 'B5000082D', '313', '1', 55, 21, 13),
('LG0000913', 'LG - Max39', 'Inserte una descripción', 'A8000011K', '105', '3', 90, 21, 7),
('LG0000917', 'LG - High25', 'Inserte una descripción', 'D1000044R', '134', '2', 209, 21, 7),
('LG0000918', 'LG - Mega72', 'Inserte una descripción', 'D3000094P', '47', '2', 264, 21, 7),
('LG0000968', 'LG - S45', 'Inserte una descripción', 'A5000031E', '359', '3', 293, 21, 15),
('LG0000978', 'LG - Series S98', 'Inserte una descripción', 'J2000030D', '411', '2', 296, 21, 15),
('LG0000981', 'LG - Series X93', 'Inserte una descripción', 'A6000071S', '87', '3', 257, 21, 3),
('LG0000987', 'LG - Series X23', 'Inserte una descripción', 'F2000026Z', '155', '3', 200, 21, 5),
('LG0000995', 'LG - Reno44', 'Inserte una descripción', 'F4000016P', '342', '3', 259, 21, 3),
('LG0000999', 'LG - X27', 'Inserte una descripción', 'H5000068P', '231', '3', 243, 21, 13),
('LG0001001', 'LG - Series S59', 'Inserte una descripción', 'G1000027A', '325', '1', 208, 21, 13),
('LG0001013', 'LG - Series S20', 'Inserte una descripción', 'A7000041O', '307', '4', 143, 21, 7),
('MIC0000004', 'Microsoft - Series X11', 'Inserte una descripción', 'H2000058F', '400', '4', 229, 21, 14),
('MIC0000041', 'Microsoft - Max30', 'Inserte una descripción', 'H2000028B', '176', '2', 201, 21, 13),
('MIC0000048', 'Microsoft - High15', 'Inserte una descripción', 'F2000026Z', '424', '4', 74, 21, 15),
('MIC0000085', 'Microsoft - S1', 'Inserte una descripción', 'C6000063K', '162', '2', 233, 21, 14),
('MIC0000127', 'Microsoft - High2', 'Inserte una descripción', 'E7000045S', '116', '3', 239, 21, 14),
('MIC0000128', 'Microsoft - Series X3', 'Inserte una descripción', 'I3000029C', '125', '1', 201, 21, 14),
('MIC0000155', 'Microsoft - Mega95', 'Inserte una descripción', 'J8000010J', '213', '4', 260, 21, 14),
('MIC0000162', 'Microsoft - Series X70', 'Inserte una descripción', 'C1000083E', '17', '3', 248, 21, 3),
('MIC0000165', 'Microsoft - Mega97', 'Inserte una descripción', 'E1000025Y', '298', '1', 271, 21, 13),
('MIC0000197', 'Microsoft - Max19', 'Inserte una descripción', 'A8000011K', '382', '1', 288, 21, 14),
('MIC0000241', 'Microsoft - Reno93', 'Inserte una descripción', 'A5000003E', '187', '4', 149, 21, 7),
('MIC0000244', 'Microsoft - High62', 'Inserte una descripción', 'D7000084F', '374', '4', 237, 21, 7),
('MIC0000258', 'Microsoft - Series X56', 'Inserte una descripción', 'F2000026Z', '201', '3', 153, 21, 15),
('MIC0000264', 'Microsoft - Reno97', 'Inserte una descripción', 'H3000048V', '59', '2', 217, 21, 7),
('MIC0000280', 'Microsoft - Max79', 'Inserte una descripción', 'A8000051Y', '374', '1', 135, 21, 7),
('MIC0000333', 'Microsoft - Series S29', 'Inserte una descripción', 'E1000085G', '55', '1', 64, 21, 14),
('MIC0000361', 'Microsoft - Max37', 'Inserte una descripción', 'E1000085G', '260', '2', 287, 21, 3),
('MIC0000386', 'Microsoft - High99', 'Inserte una descripción', 'C2000003C', '224', '4', 256, 21, 4),
('MIC0000408', 'Microsoft - Series X66', 'Inserte una descripción', 'I2000089K', '18', '1', 297, 21, 4),
('MIC0000429', 'Microsoft - Lite5', 'Inserte una descripción', 'H2000088J', '454', '3', 277, 21, 15),
('MIC0000432', 'Microsoft - Mega77', 'Inserte una descripción', 'E1000025Y', '454', '3', 90, 21, 14),
('MIC0000441', 'Microsoft - Reno77', 'Inserte una descripción', 'I3000039M', '165', '3', 271, 21, 3),
('MIC0000504', 'Microsoft - Series S63', 'Inserte una descripción', 'A8000011K', '282', '2', 153, 21, 7),
('MIC0000512', 'Microsoft - Max94', 'Inserte una descripción', 'A8000021U', '76', '3', 298, 21, 7),
('MIC0000514', 'Microsoft - Lite6', 'Inserte una descripción', 'G4000017Q', '111', '3', 195, 21, 15),
('MIC0000526', 'Microsoft - Series X48', 'Inserte una descripción', 'H3000048V', '258', '2', 67, 21, 14),
('MIC0000528', 'Microsoft - Series S7', 'Inserte una descripción', 'I6000049W', '277', '2', 196, 21, 5),
('MIC0000530', 'Microsoft - Reno54', 'Inserte una descripción', 'B4000052Z', '204', '4', 274, 21, 3),
('MIC0000536', 'Microsoft - X40', 'Inserte una descripción', 'J2000080B', '453', '4', 160, 21, 7),
('MIC0000550', 'Microsoft - Mega20', 'Inserte una descripción', 'D1000044R', '232', '2', 174, 21, 13),
('MIC0000556', 'Microsoft - S69', 'Inserte una descripción', 'E1000055C', '392', '2', 212, 21, 15),
('MIC0000566', 'Microsoft - Lite50', 'Inserte una descripción', 'J3000090L', '120', '3', 267, 21, 14),
('MIC0000575', 'Microsoft - Lite57', 'Inserte una descripción', 'H3000048V', '113', '4', 206, 21, 15),
('MIC0000594', 'Microsoft - Series X4', 'Inserte una descripción', 'J7000070R', '56', '2', 120, 21, 13),
('MIC0000628', 'Microsoft - Max77', 'Inserte una descripción', 'F9000096R', '34', '2', 144, 21, 14),
('MIC0000681', 'Microsoft - Reno51', 'Inserte una descripción', 'H9000018R', '137', '2', 161, 21, 14),
('MIC0000682', 'Microsoft - Lite98', 'Inserte una descripción', 'J2000050X', '116', '4', 222, 21, 13),
('MIC0000683', 'Microsoft - Reno55', 'Inserte una descripción', 'G1000057E', '359', '4', 179, 21, 15),
('MIC0000684', 'Microsoft - Lite36', 'Inserte una descripción', 'A6000081C', '235', '1', 215, 21, 15),
('MIC0000702', 'Microsoft - Mega91', 'Inserte una descripción', 'I8000069Q', '205', '4', 96, 21, 4),
('MIC0000703', 'Microsoft - High59', 'Inserte una descripción', 'H2000088J', '227', '3', 173, 21, 15),
('MIC0000709', 'Microsoft - Lite1', 'Inserte una descripción', 'E1000025Y', '352', '1', 283, 21, 13),
('MIC0000727', 'Microsoft - Series S44', 'Inserte una descripción', 'B7000002B', '197', '3', 270, 21, 5),
('MIC0000730', 'Microsoft - X22', 'Inserte una descripción', 'H2000028B', '388', '3', 271, 21, 4),
('MIC0000738', 'Microsoft - Lite56', 'Inserte una descripción', 'A5000003E', '248', '2', 111, 21, 7),
('MIC0000763', 'Microsoft - Max53', 'Inserte una descripción', 'D3000024X', '113', '2', 263, 21, 4),
('MIC0000776', 'Microsoft - S40', 'Inserte una descripción', 'J2000030D', '296', '4', 161, 21, 4),
('MIC0000778', 'Microsoft - Series X53', 'Inserte una descripción', 'C6000073U', '467', '2', 73, 21, 14),
('MIC0000779', 'Microsoft - High10', 'Inserte una descripción', 'J3000090L', '32', '3', 141, 21, 13),
('MIC0000784', 'Microsoft - Lite16', 'Inserte una descripción', 'B1000062J', '294', '2', 216, 21, 5),
('MIC0000843', 'Microsoft - Series X34', 'Inserte una descripción', 'D1000044R', '485', '3', 247, 21, 5),
('MIC0000846', 'Microsoft - X12', 'Inserte una descripción', 'E6000015O', '214', '4', 221, 21, 13),
('MIC0000860', 'Microsoft - Lite66', 'Inserte una descripción', 'H8000098T', '243', '3', 194, 21, 4),
('MIC0000887', 'Microsoft - Lite18', 'Inserte una descripción', 'I7000079A', '51', '3', 277, 21, 4),
('MIC0000893', 'Microsoft - Reno92', 'Inserte una descripción', 'I8000069Q', '217', '2', 89, 21, 7),
('MIC0000899', 'Microsoft - High52', 'Inserte una descripción', 'B5000042P', '176', '4', 198, 21, 14),
('MIC0000927', 'Microsoft - Mega10', 'Inserte una descripción', 'C6000073U', '379', '3', 137, 21, 13),
('MIC0000935', 'Microsoft - High83', 'Inserte una descripción', 'H3000008H', '365', '2', 215, 21, 14),
('MIC0000956', 'Microsoft - High33', 'Inserte una descripción', 'B6000072T', '243', '2', 100, 21, 7),
('MIC0000991', 'Microsoft - Max21', 'Inserte una descripción', 'A8000021U', '322', '2', 208, 21, 15),
('MIC0001017', 'Microsoft - Series X74', 'Inserte una descripción', 'H9000038L', '56', '3', 242, 21, 13),
('MIC0001024', 'Microsoft - S1', 'Inserte una descripción', 'F9000006F', '291', '3', 271, 21, 5),
('MSI0000025', 'MSI - Lite44', 'Inserte una descripción', 'A8000091M', '82', '1', 203, 21, 7),
('MSI0000043', 'MSI - Max61', 'Inserte una descripción', 'J7000020T', '50', '4', 201, 21, 3),
('MSI0000061', 'MSI - High14', 'Inserte una descripción', 'J7000020T', '51', '2', 169, 21, 5),
('MSI0000096', 'MSI - High3', 'Inserte una descripción', 'C2000003C', '13', '3', 105, 21, 13),
('MSI0000097', 'MSI - High4', 'Inserte una descripción', 'D3000024X', '253', '1', 240, 21, 5),
('MSI0000122', 'MSI - S97', 'Inserte una descripción', 'H9000018R', '378', '2', 156, 21, 5),
('MSI0000132', 'MSI - S1', 'Inserte una descripción', 'E1000025Y', '194', '1', 53, 21, 4),
('MSI0000139', 'MSI - X3', 'Inserte una descripción', 'E1000055C', '97', '3', 268, 21, 3),
('MSI0000175', 'MSI - Max99', 'Inserte una descripción', 'A5009999E', '192', '3', 61, 21, 4),
('MSI0000230', 'MSI - Mega49', 'Inserte una descripción', 'F2000026Z', '88', '3', 148, 21, 3),
('MSI0000270', 'MSI - S95', 'Inserte una descripción', 'E1000085G', '142', '1', 240, 21, 7),
('MSI0000294', 'MSI - Reno73', 'Inserte una descripción', 'E6000015O', '8', '4', 89, 21, 5),
('MSI0000309', 'MSI - Series X49', 'Inserte una descripción', 'H3000008H', '348', '4', 98, 21, 15),
('MSI0000344', 'MSI - Series X32', 'Inserte una descripción', 'H2000058F', '406', '1', 110, 21, 3),
('MSI0000348', 'MSI - Series S59', 'Inserte una descripción', 'I2000089K', '152', '3', 209, 21, 3),
('MSI0000354', 'MSI - Reno96', 'Inserte una descripción', 'G5000007G', '16', '1', 267, 21, 4),
('MSI0000421', 'MSI - X15', 'Inserte una descripción', 'H7000078Z', '111', '4', 99, 21, 7),
('MSI0000428', 'MSI - High46', 'Inserte una descripción', 'I2000089K', '300', '3', 143, 21, 7),
('MSI0000449', 'MSI - Reno86', 'Inserte una descripción', 'I3000039M', '113', '1', 215, 21, 15),
('MSI0000453', 'MSI - X34', 'Inserte una descripción', 'F9000006F', '409', '3', 97, 21, 7),
('MSI0000455', 'MSI - Reno51', 'Inserte una descripción', 'F3000086H', '348', '2', 136, 21, 7),
('MSI0000467', 'MSI - Series S42', 'Inserte una descripción', 'F6000076X', '374', '4', 148, 21, 5),
('MSI0000475', 'MSI - X55', 'Inserte una descripción', 'B5000082D', '448', '2', 144, 21, 14),
('MSI0000487', 'MSI - High40', 'Inserte una descripción', 'I8000059G', '445', '3', 294, 21, 14),
('MSI0000522', 'MSI - Series X92', 'Inserte una descripción', 'D1000074V', '405', '4', 240, 21, 13),
('MSI0000555', 'MSI - High46', 'Inserte una descripción', 'E7000045S', '57', '2', 191, 21, 4),
('MSI0000609', 'MSI - High69', 'Inserte una descripción', 'F2000026Z', '221', '2', 116, 21, 3),
('MSI0000622', 'MSI - Mega91', 'Inserte una descripción', 'I8000069Q', '189', '3', 71, 21, 13),
('MSI0000643', 'MSI - High79', 'Inserte una descripción', 'C9000093O', '123', '1', 232, 21, 4),
('MSI0000656', 'MSI - Max21', 'Inserte una descripción', 'D1000044R', '336', '4', 72, 21, 14),
('MSI0000658', 'MSI - Series X97', 'Inserte una descripción', 'I3000019S', '90', '4', 186, 21, 13),
('MSI0000661', 'MSI - Max86', 'Inserte una descripción', 'I7000079A', '401', '2', 156, 21, 3),
('MSI0000690', 'MSI - Mega75', 'Inserte una descripción', 'F9000056D', '327', '4', 125, 21, 5),
('MSI0000692', 'MSI - Reno74', 'Inserte una descripción', 'A8000021U', '495', '2', 166, 21, 15),
('MSI0000695', 'MSI - High24', 'Inserte una descripción', 'J2000050X', '181', '3', 232, 21, 7),
('MSI0000700', 'MSI - Reno41', 'Inserte una descripción', 'A5000003E', '224', '2', 291, 21, 13),
('MSI0000704', 'MSI - Lite35', 'Inserte una descripción', 'H3000048V', '470', '2', 219, 21, 15),
('MSI0000726', 'MSI - Reno1', 'Inserte una descripción', 'F4000016P', '141', '4', 98, 21, 7),
('MSI0000817', 'MSI - High87', 'Inserte una descripción', 'H9000038L', '434', '2', 145, 21, 4),
('MSI0000825', 'MSI - High69', 'Inserte una descripción', 'C1000083E', '468', '1', 138, 21, 5),
('MSI0000827', 'MSI - Lite51', 'Inserte una descripción', 'G5000007G', '250', '2', 285, 21, 5),
('MSI0000850', 'MSI - High92', 'Inserte una descripción', 'E1000035I', '374', '4', 277, 21, 14),
('MSI0000902', 'MSI - Series S63', 'Inserte una descripción', 'E6000015O', '411', '2', 114, 21, 15),
('MSI0000903', 'MSI - Series S11', 'Inserte una descripción', 'D3000064L', '241', '4', 299, 21, 4),
('MSI0000928', 'MSI - X67', 'Inserte una descripción', 'F6000076X', '424', '2', 170, 21, 13),
('MSI0000929', 'MSI - Mega48', 'Inserte una descripción', 'E5000065M', '129', '1', 95, 21, 4),
('MSI0000930', 'MSI - Lite96', 'Inserte una descripción', 'F9000056D', '341', '2', 112, 21, 4),
('MSI0000938', 'MSI - Mega97', 'Inserte una descripción', 'J8000010J', '229', '4', 181, 21, 15),
('MSI0000976', 'MSI - High28', 'Inserte una descripción', 'D7000084F', '360', '1', 152, 21, 13),
('MSI0000988', 'MSI - Reno45', 'Inserte una descripción', 'J8000010J', '305', '3', 275, 21, 5),
('MSI0000990', 'MSI - X70', 'Inserte una descripción', 'A6000061I', '349', '4', 209, 21, 3),
('MSI0000998', 'MSI - Series S31', 'Inserte una descripción', 'A5009999E', '362', '2', 89, 21, 15),
('MSI0001007', 'MSI - Reno28', 'Inserte una descripción', 'D3000064L', '56', '3', 97, 21, 13),
('MSI0001025', 'MSI - Series S85', 'Inserte una descripción', 'J3000090L', '449', '2', 148, 21, 3),
('NIN0000009', 'Nintendo - X28', 'Inserte una descripción', 'A5009999E', '275', '3', 62, 21, 4),
('NIN0000012', 'Nintendo - Reno52', 'Inserte una descripción', 'I3000029C', '210', '2', 132, 21, 13),
('NIN0000022', 'Nintendo - Series S67', 'Inserte una descripción', 'E2000005E', '194', '2', 278, 21, 3),
('NIN0000024', 'Nintendo - Reno6', 'Inserte una descripción', 'E1000085G', '125', '2', 133, 21, 5),
('NIN0000033', 'Nintendo - Lite86', 'Inserte una descripción', 'I2000089K', '331', '4', 104, 21, 14),
('NIN0000036', 'Nintendo - High31', 'Inserte una descripción', 'A8000051Y', '229', '3', 224, 21, 3),
('NIN0000058', 'Nintendo - Mega71', 'Inserte una descripción', 'A6000061I', '232', '3', 213, 21, 15),
('NIN0000063', 'Nintendo - Max83', 'Inserte una descripción', 'I8000069Q', '179', '2', 172, 21, 5),
('NIN0000072', 'Nintendo - Lite48', 'Inserte una descripción', 'H7000078Z', '44', '4', 283, 21, 4),
('NIN0000116', 'Nintendo - Max37', 'Inserte una descripción', 'H9000038L', '234', '4', 257, 21, 15),
('NIN0000136', 'Nintendo - Reno44', 'Inserte una descripción', 'G4000017Q', '283', '2', 219, 21, 4),
('NIN0000143', 'Nintendo - Reno38', 'Inserte una descripción', 'F9000096R', '325', '2', 165, 21, 7),
('NIN0000160', 'Nintendo - X57', 'Inserte una descripción', 'H7000078Z', '494', '2', 60, 21, 15),
('NIN0000173', 'Nintendo - Series S72', 'Inserte una descripción', 'D3000094P', '160', '1', 103, 21, 5),
('NIN0000182', 'Nintendo - Series S86', 'Inserte una descripción', 'E1000085G', '270', '4', 171, 21, 7),
('NIN0000186', 'Nintendo - S87', 'Inserte una descripción', 'A5000003E', '156', '4', 189, 21, 5),
('NIN0000195', 'Nintendo - High8', 'Inserte una descripción', 'F9000006F', '72', '4', 271, 21, 3),
('NIN0000201', 'Nintendo - High84', 'Inserte una descripción', 'C1000083E', '120', '2', 263, 21, 15),
('NIN0000203', 'Nintendo - Lite88', 'Inserte una descripción', 'I3000029C', '331', '3', 100, 21, 7),
('NIN0000209', 'Nintendo - Series S44', 'Inserte una descripción', 'B1000062J', '89', '3', 60, 21, 15),
('NIN0000214', 'Nintendo - Max13', 'Inserte una descripción', 'E7000045S', '317', '2', 91, 21, 14),
('NIN0000231', 'Nintendo - High4', 'Inserte una descripción', 'B9000032F', '5', '3', 272, 21, 13),
('NIN0000234', 'Nintendo - X1', 'Inserte una descripción', 'C9000093O', '228', '2', 196, 21, 13),
('NIN0000287', 'Nintendo - Mega55', 'Inserte una descripción', 'A8000021U', '300', '2', 130, 21, 13),
('NIN0000317', 'Nintendo - High52', 'Inserte una descripción', 'E8000075W', '96', '1', 71, 21, 3),
('NIN0000329', 'Nintendo - Max48', 'Inserte una descripción', 'I1000009I', '18', '2', 300, 21, 7),
('NIN0000433', 'Nintendo - Max86', 'Inserte una descripción', 'A6000061I', '166', '3', 223, 21, 3),
('NIN0000442', 'Nintendo - Reno69', 'Inserte una descripción', 'H2000088J', '207', '2', 194, 21, 3),
('NIN0000456', 'Nintendo - Series X21', 'Inserte una descripción', 'E1000035I', '170', '3', 51, 21, 14),
('NIN0000482', 'Nintendo - Mega64', 'Inserte una descripción', 'E1000085G', '396', '3', 295, 21, 5),
('NIN0000505', 'Nintendo - Reno55', 'Inserte una descripción', 'C6000063K', '77', '3', 217, 21, 13),
('NIN0000508', 'Nintendo - Reno37', 'Inserte una descripción', 'J3000090L', '302', '2', 68, 21, 5),
('NIN0000527', 'Nintendo - Lite9', 'Inserte una descripción', 'E6000015O', '494', '4', 179, 21, 14),
('NIN0000537', 'Nintendo - Reno94', 'Inserte una descripción', 'H8000098T', '210', '2', 202, 21, 5),
('NIN0000559', 'Nintendo - Reno8', 'Inserte una descripción', 'E5000095Q', '302', '3', 191, 21, 4),
('NIN0000561', 'Nintendo - S24', 'Inserte una descripción', 'H7000078Z', '58', '1', 177, 21, 5),
('NIN0000562', 'Nintendo - Series X34', 'Inserte una descripción', 'J7000070R', '4', '1', 83, 21, 7),
('NIN0000563', 'Nintendo - X84', 'Inserte una descripción', 'G2000087I', '335', '2', 120, 21, 14),
('NIN0000578', 'Nintendo - Lite63', 'Inserte una descripción', 'F3000086H', '407', '2', 202, 21, 15),
('NIN0000623', 'Nintendo - Series S78', 'Inserte una descripción', 'J3000090L', '196', '3', 240, 21, 3),
('NIN0000644', 'Nintendo - Series X73', 'Inserte una descripción', 'F1000036J', '153', '2', 195, 21, 7),
('NIN0000647', 'Nintendo - High25', 'Inserte una descripción', 'E2000005E', '498', '4', 147, 21, 15),
('NIN0000674', 'Nintendo - Series X85', 'Inserte una descripción', 'E5000065M', '447', '3', 208, 21, 4),
('NIN0000688', 'Nintendo - Reno73', 'Inserte una descripción', 'A8000091M', '244', '1', 67, 21, 14),
('NIN0000762', 'Nintendo - Lite73', 'Inserte una descripción', 'G4000017Q', '82', '2', 293, 21, 3),
('NIN0000771', 'Nintendo - Lite71', 'Inserte una descripción', 'D3000094P', '482', '1', 171, 21, 7),
('NIN0000785', 'Nintendo - Reno35', 'Inserte una descripción', 'D3000024X', '64', '4', 102, 21, 4),
('NIN0000800', 'Nintendo - S49', 'Inserte una descripción', 'D2000034H', '250', '2', 229, 21, 13),
('NIN0000814', 'Nintendo - High41', 'Inserte una descripción', 'J2000030D', '103', '1', 260, 21, 13),
('NIN0000819', 'Nintendo - Reno51', 'Inserte una descripción', 'J6000040N', '116', '3', 236, 21, 14),
('NIN0000832', 'Nintendo - High94', 'Inserte una descripción', 'C3000033G', '269', '2', 211, 21, 4),
('NIN0000871', 'Nintendo - Mega27', 'Inserte una descripción', 'F2000066N', '155', '3', 221, 21, 15),
('NIN0000872', 'Nintendo - Mega50', 'Inserte una descripción', 'G2000087I', '306', '3', 189, 21, 14),
('NIN0000885', 'Nintendo - Max44', 'Inserte una descripción', 'A8000021U', '105', '2', 61, 21, 5),
('NIN0000886', 'Nintendo - Lite17', 'Inserte una descripción', 'F9000056D', '152', '1', 99, 21, 5),
('NIN0000889', 'Nintendo - Series X27', 'Inserte una descripción', 'J8000010J', '44', '1', 245, 21, 7),
('NIN0000891', 'Nintendo - Mega27', 'Inserte una descripción', 'D9000004D', '159', '1', 51, 21, 7),
('NIN0000894', 'Nintendo - Mega49', 'Inserte una descripción', 'H3000008H', '83', '4', 257, 21, 13),
('NIN0000920', 'Nintendo - Max67', 'Inserte una descripción', 'I3000039M', '294', '4', 268, 21, 3),
('NIN0000925', 'Nintendo - S24', 'Inserte una descripción', 'I3000019S', '398', '2', 83, 21, 5),
('NIN0000966', 'Nintendo - Max27', 'Inserte una descripción', 'J1000060H', '42', '3', 267, 21, 4),
('NIN0000970', 'Nintendo - S89', 'Inserte una descripción', 'H2000028B', '141', '1', 203, 21, 13),
('NIN0000974', 'Nintendo - Reno28', 'Inserte una descripción', 'H7000078Z', '301', '3', 247, 21, 14),
('OPP0000007', 'Oppo - S43', 'Inserte una descripción', 'F1000036J', '355', '3', 154, 21, 14),
('OPP0000021', 'Oppo - Max81', 'Inserte una descripción', 'D7000084F', '55', '2', 107, 21, 14),
('OPP0000060', 'Oppo - Series S53', 'Inserte una descripción', 'F9000006F', '335', '2', 124, 21, 13),
('OPP0000065', 'Oppo - Lite15', 'Inserte una descripción', 'E2000005E', '236', '4', 157, 21, 13),
('OPP0000068', 'Oppo - S39', 'Inserte una descripción', 'I3000029C', '167', '2', 150, 21, 5),
('OPP0000076', 'Oppo - Mega28', 'Inserte una descripción', 'A6000061I', '76', '2', 265, 21, 14),
('OPP0000090', 'Oppo - S90', 'Inserte una descripción', 'H7000078Z', '453', '1', 81, 21, 5),
('OPP0000091', 'Oppo - X2', 'Inserte una descripción', 'B4000052Z', '133', '2', 186, 21, 5),
('OPP0000154', 'Oppo - Mega76', 'Inserte una descripción', 'I3000039M', '476', '4', 56, 21, 7),
('OPP0000174', 'Oppo - Reno42', 'Inserte una descripción', 'J6000040N', '168', '1', 146, 21, 5),
('OPP0000193', 'Oppo - S96', 'Inserte una descripción', 'E1000035I', '217', '1', 218, 21, 13),
('OPP0000225', 'Oppo - Series S77', 'Inserte una descripción', 'H3000008H', '362', '3', 171, 21, 5),
('OPP0000229', 'Oppo - Mega21', 'Inserte una descripción', 'G7000077Y', '60', '2', 105, 21, 7),
('OPP0000245', 'Oppo - X53', 'Inserte una descripción', 'I3000039M', '308', '2', 105, 21, 5),
('OPP0000253', 'Oppo - X77', 'Inserte una descripción', 'J2000050X', '245', '3', 296, 21, 5),
('OPP0000256', 'Oppo - Series S10', 'Inserte una descripción', 'D3000094P', '417', '2', 124, 21, 13),
('OPP0000286', 'Oppo - X92', 'Inserte una descripción', 'I3000029C', '122', '2', 246, 21, 7),
('OPP0000290', 'Oppo - High64', 'Inserte una descripción', 'J8000010J', '304', '2', 177, 21, 7),
('OPP0000291', 'Oppo - Reno2', 'Inserte una descripción', 'B7000002B', '321', '1', 296, 21, 15),
('OPP0000296', 'Oppo - Lite69', 'Inserte una descripción', 'H2000058F', '124', '2', 291, 21, 14),
('OPP0000346', 'Oppo - X37', 'Inserte una descripción', 'C9000053A', '339', '1', 62, 21, 14),
('OPP0000347', 'Oppo - S25', 'Inserte una descripción', 'B1000062J', '228', '4', 91, 21, 13),
('OPP0000350', 'Oppo - X29', 'Inserte una descripción', 'G4000017Q', '226', '2', 286, 21, 14),
('OPP0000351', 'Oppo - High38', 'Inserte una descripción', 'C9000093O', '82', '3', 123, 21, 4),
('OPP0000375', 'Oppo - X73', 'Inserte una descripción', 'I2000089K', '173', '4', 261, 21, 13),
('OPP0000427', 'Oppo - High49', 'Inserte una descripción', 'C9000053A', '271', '3', 294, 21, 4),
('OPP0000451', 'Oppo - S8', 'Inserte una descripción', 'A5000031E', '349', '4', 199, 21, 14),
('OPP0000454', 'Oppo - Reno23', 'Inserte una descripción', 'B7000002B', '100', '2', 291, 21, 13),
('OPP0000464', 'Oppo - High17', 'Inserte una descripción', 'E2000005E', '83', '4', 275, 21, 3),
('OPP0000470', 'Oppo - Lite34', 'Inserte una descripción', 'A5009999E', '178', '1', 146, 21, 14),
('OPP0000471', 'Oppo - Series X25', 'Inserte una descripción', 'F6000076X', '55', '4', 204, 21, 4),
('OPP0000483', 'Oppo - High9', 'Inserte una descripción', 'H5000068P', '487', '2', 293, 21, 15),
('OPP0000494', 'Oppo - Max10', 'Inserte una descripción', 'F3000086H', '293', '3', 155, 21, 3),
('OPP0000519', 'Oppo - Max99', 'Inserte una descripción', 'D1000044R', '98', '4', 202, 21, 15),
('OPP0000523', 'Oppo - Series S29', 'Inserte una descripción', 'C2000003C', '235', '1', 117, 21, 13),
('OPP0000524', 'Oppo - Mega79', 'Inserte una descripción', 'B5000042P', '314', '3', 243, 21, 4),
('OPP0000543', 'Oppo - Series X9', 'Inserte una descripción', 'D3000024X', '8', '1', 143, 21, 5),
('OPP0000551', 'Oppo - High15', 'Inserte una descripción', 'H3000008H', '468', '2', 133, 21, 14),
('OPP0000552', 'Oppo - Max11', 'Inserte una descripción', 'C1000013M', '41', '2', 265, 21, 3),
('OPP0000553', 'Oppo - Series S85', 'Inserte una descripción', 'D3000094P', '36', '2', 171, 21, 4),
('OPP0000580', 'Oppo - Lite75', 'Inserte una descripción', 'I3000039M', '112', '1', 77, 21, 3),
('OPP0000598', 'Oppo - Series S48', 'Inserte una descripción', 'J7000020T', '241', '1', 282, 21, 5),
('OPP0000601', 'Oppo - Mega68', 'Inserte una descripción', 'F2000026Z', '167', '3', 208, 21, 4),
('OPP0000608', 'Oppo - X89', 'Inserte una descripción', 'F1000036J', '453', '1', 209, 21, 14),
('OPP0000640', 'Oppo - High53', 'Inserte una descripción', 'I8000059G', '333', '4', 152, 21, 7),
('OPP0000648', 'Oppo - Lite93', 'Inserte una descripción', 'C2000003C', '382', '3', 167, 21, 13),
('OPP0000669', 'Oppo - Max19', 'Inserte una descripción', 'G1000027A', '424', '3', 214, 21, 15),
('OPP0000691', 'Oppo - Reno68', 'Inserte una descripción', 'B5000082D', '418', '1', 105, 21, 4),
('OPP0000697', 'Oppo - Series X12', 'Inserte una descripción', 'F2000066N', '330', '3', 85, 21, 13),
('OPP0000698', 'Oppo - Series S4', 'Inserte una descripción', 'F9000096R', '423', '2', 115, 21, 3),
('OPP0000759', 'Oppo - Series X88', 'Inserte una descripción', 'E1000035I', '413', '3', 271, 21, 14),
('OPP0000774', 'Oppo - Mega81', 'Inserte una descripción', 'B5000042P', '26', '3', 277, 21, 13),
('OPP0000796', 'Oppo - Lite98', 'Inserte una descripción', 'J2000050X', '452', '2', 292, 21, 5),
('OPP0000798', 'Oppo - S44', 'Inserte una descripción', 'G1000027A', '87', '3', 185, 21, 14),
('OPP0000804', 'Oppo - Max80', 'Inserte una descripción', 'C6000073U', '162', '2', 155, 21, 5),
('OPP0000813', 'Oppo - X89', 'Inserte una descripción', 'F3000086H', '238', '2', 169, 21, 15),
('OPP0000818', 'Oppo - High13', 'Inserte una descripción', 'A5000031E', '302', '4', 60, 21, 7),
('OPP0000842', 'Oppo - High99', 'Inserte una descripción', 'D3000064L', '125', '1', 222, 21, 5),
('OPP0000876', 'Oppo - S28', 'Inserte una descripción', 'B6000072T', '155', '2', 286, 21, 4),
('OPP0000900', 'Oppo - S79', 'Inserte una descripción', 'C1000083E', '59', '1', 176, 21, 13),
('OPP0000932', 'Oppo - Reno85', 'Inserte una descripción', 'F9000096R', '491', '3', 243, 21, 3),
('OPP0000936', 'Oppo - Reno87', 'Inserte una descripción', 'F2000026Z', '165', '4', 107, 21, 7),
('OPP0000940', 'Oppo - Series X79', 'Inserte una descripción', 'A5009999E', '94', '4', 137, 21, 15),
('OPP0000946', 'Oppo - High24', 'Inserte una descripción', 'F6000076X', '236', '2', 225, 21, 13),
('OPP0000961', 'Oppo - S88', 'Inserte una descripción', 'D1000044R', '400', '1', 149, 21, 7),
('OPP0000983', 'Oppo - X60', 'Inserte una descripción', 'C6000073U', '180', '4', 221, 21, 4),
('SAM0000001', 'Samsung - Series S50', 'Inserte una descripción', 'E1000085G', '225', '2', 289, 21, 13),
('SAM0000047', 'Samsung - S68', 'Inserte una descripción', 'G3000067O', '378', '3', 96, 21, 13),
('SAM0000059', 'Samsung - Series X7', 'Inserte una descripción', 'J7000070R', '289', '3', 77, 21, 15),
('SAM0000073', 'Samsung - Mega19', 'Inserte una descripción', 'J2000030D', '19', '2', 84, 21, 13),
('SAM0000087', 'Samsung - High52', 'Inserte una descripción', 'H2000058F', '55', '3', 142, 21, 15),
('SAM0000109', 'Samsung - Max9', 'Inserte una descripción', 'J2000030D', '227', '1', 213, 21, 14),
('SAM0000120', 'Samsung - High48', 'Inserte una descripción', 'F6000076X', '464', '2', 267, 21, 15),
('SAM0000123', 'Samsung - X4', 'Inserte una descripción', 'C6000063K', '365', '4', 96, 21, 5),
('SAM0000126', 'Samsung - Mega45', 'Inserte una descripción', 'G1000027A', '87', '1', 128, 21, 4),
('SAM0000158', 'Samsung - X66', 'Inserte una descripción', 'C1000013M', '157', '4', 170, 21, 14),
('SAM0000161', 'Samsung - Max4', 'Inserte una descripción', 'C3000033G', '194', '3', 145, 21, 7),
('SAM0000163', 'Samsung - Lite72', 'Inserte una descripción', 'I4000099U', '281', '4', 87, 21, 4),
('SAM0000169', 'Samsung - High24', 'Inserte una descripción', 'I1000009I', '24', '3', 71, 21, 14),
('SAM0000190', 'Samsung - X86', 'Inserte una descripción', 'A6000061I', '277', '3', 297, 21, 14),
('SAM0000191', 'Samsung - Lite27', 'Inserte una descripción', 'F9000046T', '177', '4', 195, 21, 5),
('SAM0000199', 'Samsung - X14', 'Inserte una descripción', 'E8000075W', '214', '1', 96, 21, 13),
('SAM0000202', 'Samsung - Max78', 'Inserte una descripción', 'E6000015O', '187', '2', 155, 21, 3),
('SAM0000210', 'Samsung - Reno60', 'Inserte una descripción', 'B7000002B', '139', '1', 57, 21, 3),
('SAM0000218', 'Samsung - Reno67', 'Inserte una descripción', 'E1000025Y', '476', '3', 99, 21, 3),
('SAM0000219', 'Samsung - X16', 'Inserte una descripción', 'A8000011K', '496', '4', 258, 21, 13),
('SAM0000220', 'Samsung - High9', 'Inserte una descripción', 'D9000004D', '477', '1', 197, 21, 4),
('SAM0000239', 'Samsung - Reno72', 'Inserte una descripción', 'D1000044R', '289', '1', 275, 21, 13),
('SAM0000248', 'Samsung - X40', 'Inserte una descripción', 'H2000058F', '451', '2', 267, 21, 14),
('SAM0000255', 'Samsung - Max25', 'Inserte una descripción', 'E2000005E', '416', '4', 266, 21, 4),
('SAM0000257', 'Samsung - Series X55', 'Inserte una descripción', 'A7000041O', '420', '1', 237, 21, 7),
('SAM0000260', 'Samsung - High47', 'Inserte una descripción', 'I8000069Q', '382', '2', 100, 21, 5),
('SAM0000263', 'Samsung - Max77', 'Inserte una descripción', 'B4000052Z', '433', '4', 79, 21, 3),
('SAM0000273', 'Samsung - Series S69', 'Inserte una descripción', 'I8000069Q', '443', '2', 59, 21, 13),
('SAM0000277', 'Samsung - S76', 'Inserte una descripción', 'H9000038L', '333', '4', 56, 21, 14),
('SAM0000281', 'Samsung - S1', 'Inserte una descripción', 'C9000053A', '263', '4', 103, 21, 7),
('SAM0000302', 'Samsung - Reno61', 'Inserte una descripción', 'I3000039M', '347', '1', 125, 21, 4),
('SAM0000303', 'Samsung - Series X26', 'Inserte una descripción', 'J8000010J', '227', '3', 59, 21, 14),
('SAM0000321', 'Samsung - Series X22', 'Inserte una descripción', 'H3000008H', '451', '1', 255, 21, 14),
('SAM0000360', 'Samsung - Reno83', 'Inserte una descripción', 'H3000008H', '418', '3', 238, 21, 5),
('SAM0000372', 'Samsung - Mega69', 'Inserte una descripción', 'D9000004D', '270', '4', 149, 21, 3),
('SAM0000378', 'Samsung - Lite24', 'Inserte una descripción', 'A8000021U', '216', '3', 175, 21, 15),
('SAM0000398', 'Samsung - X7', 'Inserte una descripción', 'H2000088J', '70', '3', 56, 21, 15),
('SAM0000406', 'Samsung - High8', 'Inserte una descripción', 'F1000036J', '237', '4', 207, 21, 13),
('SAM0000438', 'Samsung - Lite49', 'Inserte una descripción', 'I4000099U', '23', '3', 283, 21, 13),
('SAM0000452', 'Samsung - High5', 'Inserte una descripción', 'B6000072T', '231', '4', 234, 21, 5),
('SAM0000466', 'Samsung - X38', 'Inserte una descripción', 'F2000066N', '426', '4', 127, 21, 5),
('SAM0000486', 'Samsung - S84', 'Inserte una descripción', 'A6000071S', '69', '2', 163, 21, 4),
('SAM0000492', 'Samsung - High50', 'Inserte una descripción', 'I1000009I', '426', '2', 216, 21, 5),
('SAM0000500', 'Samsung - Series S89', 'Inserte una descripción', 'C9000093O', '228', '4', 164, 21, 13),
('SAM0000503', 'Samsung - Mega44', 'Inserte una descripción', 'F3000086H', '245', '3', 86, 21, 4),
('SAM0000506', 'Samsung - Series X83', 'Inserte una descripción', 'B1000062J', '130', '2', 187, 21, 3),
('SAM0000541', 'Samsung - Series X39', 'Inserte una descripción', 'A8000051Y', '448', '1', 52, 21, 3),
('SAM0000596', 'Samsung - Max26', 'Inserte una descripción', 'G7000077Y', '382', '2', 167, 21, 5),
('SAM0000600', 'Samsung - Reno31', 'Inserte una descripción', 'D3000014N', '38', '3', 124, 21, 13),
('SAM0000604', 'Samsung - S24', 'Inserte una descripción', 'F2000066N', '276', '2', 178, 21, 7),
('SAM0000650', 'Samsung - X17', 'Inserte una descripción', 'A6000081C', '163', '2', 75, 21, 14),
('SAM0000675', 'Samsung - S3', 'Inserte una descripción', 'G2000087I', '131', '1', 200, 21, 3),
('SAM0000705', 'Samsung - Series S87', 'Inserte una descripción', 'E1000025Y', '192', '1', 287, 21, 14),
('SAM0000729', 'Samsung - Mega20', 'Inserte una descripción', 'H2000058F', '335', '3', 197, 21, 7),
('SAM0000735', 'Samsung - S54', 'Inserte una descripción', 'G1000027A', '34', '2', 253, 21, 3),
('SAM0000739', 'Samsung - S27', 'Inserte una descripción', 'G4000017Q', '220', '2', 95, 21, 15),
('SAM0000743', 'Samsung - Lite94', 'Inserte una descripción', 'B8000022V', '429', '3', 60, 21, 7),
('SAM0000751', 'Samsung - Series S33', 'Inserte una descripción', 'D3000014N', '177', '4', 69, 21, 7),
('SAM0000753', 'Samsung - Max97', 'Inserte una descripción', 'A5000003E', '260', '1', 293, 21, 5),
('SAM0000765', 'Samsung - X25', 'Inserte una descripción', 'D9000054B', '197', '1', 300, 21, 3),
('SAM0000766', 'Samsung - Series S63', 'Inserte una descripción', 'F2000066N', '106', '3', 267, 21, 13),
('SAM0000777', 'Samsung - Series S11', 'Inserte una descripción', 'A5009999E', '85', '1', 118, 21, 5),
('SAM0000783', 'Samsung - High59', 'Inserte una descripción', 'J7000020T', '1', '2', 272, 21, 7),
('SAM0000810', 'Samsung - Max59', 'Inserte una descripción', 'G9000047U', '168', '3', 114, 21, 5),
('SAM0000821', 'Samsung - X75', 'Inserte una descripción', 'F2000026Z', '194', '1', 222, 21, 13),
('SAM0000831', 'Samsung - S39', 'Inserte una descripción', 'C6000073U', '234', '3', 247, 21, 13),
('SAM0000840', 'Samsung - Series X13', 'Inserte una descripción', 'F9000046T', '369', '3', 189, 21, 15),
('SAM0000857', 'Samsung - Series S71', 'Inserte una descripción', 'A6000081C', '95', '4', 300, 21, 4),
('SAM0000863', 'Samsung - High47', 'Inserte una descripción', 'D9000054B', '272', '1', 194, 21, 14),
('SAM0000908', 'Samsung - Lite9', 'Inserte una descripción', 'F9000046T', '110', '3', 283, 21, 14),
('SAM0000924', 'Samsung - Mega3', 'Inserte una descripción', 'B7000002B', '373', '2', 171, 21, 4),
('SAM0000937', 'Samsung - High33', 'Inserte una descripción', 'D3000094P', '471', '3', 119, 21, 13),
('SAM0000941', 'Samsung - Lite11', 'Inserte una descripción', 'A8000051Y', '325', '3', 233, 21, 5),
('SAM0000947', 'Samsung - X19', 'Inserte una descripción', 'I8000059G', '39', '2', 56, 21, 5),
('SAM0000958', 'Samsung - S11', 'Inserte una descripción', 'A5000003E', '269', '1', 131, 21, 14),
('SAM0000963', 'Samsung - High27', 'Inserte una descripción', 'C2000003C', '188', '3', 134, 21, 14),
('SAM0000980', 'Samsung - Mega16', 'Inserte una descripción', 'H9000038L', '60', '4', 147, 21, 14),
('SAM0001003', 'Samsung - S42', 'Inserte una descripción', 'B3000092N', '130', '4', 167, 21, 5),
('SAM0001006', 'Samsung - Mega39', 'Inserte una descripción', 'J7000020T', '261', '2', 237, 21, 7),
('SAM0001014', 'Samsung - Lite18', 'Inserte una descripción', 'G1000027A', '11', '3', 166, 21, 13),
('SON0000034', 'Sony - Series S88', 'Inserte una descripción', 'D3000064L', '271', '1', 208, 21, 13),
('SON0000039', 'Sony - Max73', 'Inserte una descripción', 'G5000007G', '347', '2', 170, 21, 4),
('SON0000064', 'Sony - Reno52', 'Inserte una descripción', 'F9000006F', '147', '3', 134, 21, 15),
('SON0000069', 'Sony - X86', 'Inserte una descripción', 'F9000096R', '455', '2', 213, 21, 3),
('SON0000078', 'Sony - Max42', 'Inserte una descripción', 'F9000046T', '211', '3', 274, 21, 15),
('SON0000082', 'Sony - X61', 'Inserte una descripción', 'F9000046T', '322', '4', 126, 21, 5),
('SON0000083', 'Sony - Max41', 'Inserte una descripción', 'B8000022V', '316', '1', 260, 21, 5),
('SON0000093', 'Sony - Max83', 'Inserte una descripción', 'I3000039M', '382', '3', 259, 21, 15),
('SON0000146', 'Sony - Reno54', 'Inserte una descripción', 'A5009999E', '61', '2', 202, 21, 5),
('SON0000171', 'Sony - Series S37', 'Inserte una descripción', 'J2000050X', '22', '4', 101, 21, 3),
('SON0000178', 'Sony - Series S10', 'Inserte una descripción', 'F9000056D', '109', '3', 296, 21, 14),
('SON0000216', 'Sony - Mega60', 'Inserte una descripción', 'B1000062J', '407', '2', 169, 21, 4),
('SON0000217', 'Sony - S79', 'Inserte una descripción', 'J7000020T', '47', '3', 280, 21, 7),
('SON0000243', 'Sony - Series X31', 'Inserte una descripción', 'G7000077Y', '95', '1', 196, 21, 5),
('SON0000251', 'Sony - Lite31', 'Inserte una descripción', 'I7000079A', '478', '2', 72, 21, 5),
('SON0000261', 'Sony - Series S54', 'Inserte una descripción', 'J2000050X', '386', '3', 74, 21, 4),
('SON0000266', 'Sony - Series S58', 'Inserte una descripción', 'F9000046T', '39', '3', 85, 21, 7),
('SON0000274', 'Sony - Max4', 'Inserte una descripción', 'F3000086H', '101', '3', 287, 21, 15),
('SON0000283', 'Sony - S24', 'Inserte una descripción', 'C3000033G', '290', '3', 297, 21, 3),
('SON0000299', 'Sony - Mega95', 'Inserte una descripción', 'A8000091M', '235', '1', 217, 21, 15),
('SON0000313', 'Sony - High15', 'Inserte una descripción', 'A5000031E', '16', '4', 110, 21, 3),
('SON0000345', 'Sony - Reno24', 'Inserte una descripción', 'F9000056D', '246', '3', 140, 21, 13),
('SON0000353', 'Sony - Lite97', 'Inserte una descripción', 'I8000059G', '233', '3', 124, 21, 5),
('SON0000366', 'Sony - Lite25', 'Inserte una descripción', 'F9000056D', '168', '1', 59, 21, 4),
('SON0000377', 'Sony - Max94', 'Inserte una descripción', 'E8000075W', '310', '4', 265, 21, 14),
('SON0000387', 'Sony - Lite94', 'Inserte una descripción', 'A6000081C', '208', '3', 158, 21, 3),
('SON0000417', 'Sony - X4', 'Inserte una descripción', 'G2000087I', '119', '2', 225, 21, 3),
('SON0000422', 'Sony - Lite56', 'Inserte una descripción', 'E8000075W', '281', '3', 146, 21, 7),
('SON0000424', 'Sony - Lite24', 'Inserte una descripción', 'J8000010J', '476', '1', 194, 21, 15),
('SON0000443', 'Sony - High2', 'Inserte una descripción', 'C2000003C', '420', '2', 88, 21, 4),
('SON0000459', 'Sony - S50', 'Inserte una descripción', 'C6000063K', '35', '2', 229, 21, 5),
('SON0000570', 'Sony - S73', 'Inserte una descripción', 'C3000033G', '377', '4', 258, 21, 13),
('SON0000595', 'Sony - Reno55', 'Inserte una descripción', 'C6000073U', '475', '3', 181, 21, 4),
('SON0000605', 'Sony - Mega48', 'Inserte una descripción', 'F9000006F', '137', '4', 86, 21, 3),
('SON0000616', 'Sony - Series X39', 'Inserte una descripción', 'A5000003E', '450', '4', 249, 21, 4),
('SON0000617', 'Sony - Mega40', 'Inserte una descripción', 'A5009999E', '269', '2', 216, 21, 13),
('SON0000619', 'Sony - Mega13', 'Inserte una descripción', 'J7000020T', '14', '4', 156, 21, 14),
('SON0000624', 'Sony - High69', 'Inserte una descripción', 'G4000017Q', '118', '3', 63, 21, 15),
('SON0000633', 'Sony - S55', 'Inserte una descripción', 'I3000039M', '106', '1', 99, 21, 3),
('SON0000637', 'Sony - X87', 'Inserte una descripción', 'E7000045S', '352', '3', 151, 21, 4),
('SON0000639', 'Sony - Max31', 'Inserte una descripción', 'D3000094P', '39', '4', 172, 21, 5),
('SON0000659', 'Sony - Series X70', 'Inserte una descripción', 'D1000044R', '21', '2', 299, 21, 15),
('SON0000662', 'Sony - Lite1', 'Inserte una descripción', 'F2000066N', '485', '2', 280, 21, 15),
('SON0000664', 'Sony - Series S21', 'Inserte una descripción', 'C2000003C', '209', '2', 95, 21, 7),
('SON0000685', 'Sony - Mega29', 'Inserte una descripción', 'I2000089K', '469', '2', 126, 21, 4),
('SON0000713', 'Sony - X42', 'Inserte una descripción', 'F1000036J', '259', '2', 107, 21, 13),
('SON0000732', 'Sony - Lite85', 'Inserte una descripción', 'C9000093O', '466', '4', 257, 21, 7),
('SON0000733', 'Sony - X18', 'Inserte una descripción', 'F2000026Z', '106', '2', 288, 21, 13),
('SON0000741', 'Sony - Series S41', 'Inserte una descripción', 'A8000091M', '88', '3', 236, 21, 15),
('SON0000749', 'Sony - Reno18', 'Inserte una descripción', 'I7000079A', '136', '3', 267, 21, 14),
('SON0000764', 'Sony - High98', 'Inserte una descripción', 'G9000047U', '216', '3', 97, 21, 14),
('SON0000769', 'Sony - X44', 'Inserte una descripción', 'F9000046T', '391', '2', 81, 21, 15),
('SON0000789', 'Sony - Series S91', 'Inserte una descripción', 'A7000041O', '295', '4', 270, 21, 7),
('SON0000795', 'Sony - Max11', 'Inserte una descripción', 'B6000072T', '42', '1', 108, 21, 7),
('SON0000808', 'Sony - X80', 'Inserte una descripción', 'I3000029C', '120', '1', 52, 21, 3),
('SON0000836', 'Sony - Series S38', 'Inserte una descripción', 'I3000039M', '241', '3', 181, 21, 13),
('SON0000911', 'Sony - X6', 'Inserte una descripción', 'A5000002E', '34', '3', 294, 21, 13),
('SON0000944', 'Sony - Series S95', 'Inserte una descripción', 'J7000070R', '405', '3', 129, 21, 13),
('SON0000955', 'Sony - Series S36', 'Inserte una descripción', 'B4000052Z', '271', '2', 80, 21, 3),
('SON0000962', 'Sony - High64', 'Inserte una descripción', 'E5000065M', '493', '3', 296, 21, 7),
('SON0000973', 'Sony - Reno99', 'Inserte una descripción', 'C3000023W', '151', '1', 175, 21, 7),
('SON0000984', 'Sony - Reno89', 'Inserte una descripción', 'F1000036J', '300', '1', 226, 21, 15),
('SON0000985', 'Sony - Mega90', 'Inserte una descripción', 'E1000025Y', '435', '3', 221, 21, 14),
('SON0000997', 'Sony - X72', 'Inserte una descripción', 'I7000079A', '278', '2', 254, 21, 5),
('SON0001008', 'Sony - X7', 'Inserte una descripción', 'D3000024X', '44', '2', 290, 21, 13),
('SON0001020', 'Sony - Series X20', 'Inserte una descripción', 'F1000036J', '204', '3', 208, 21, 13),
('XIA0000002', 'Xiaomi - High67', 'Inserte una descripción', 'B8000012L', '380', '3', 203, 21, 15),
('XIA0000003', 'Xiaomi - X18', 'Inserte una descripción', 'C3000023W', '429', '3', 256, 21, 5),
('XIA0000020', 'Xiaomi - S4', 'Inserte una descripción', 'F3000086H', '113', '4', 244, 21, 13),
('XIA0000038', 'Xiaomi - S24', 'Inserte una descripción', 'G2000087I', '223', '2', 115, 21, 5),
('XIA0000044', 'Xiaomi - Series S64', 'Inserte una descripción', 'A6000061I', '366', '3', 64, 21, 4),
('XIA0000067', 'Xiaomi - X48', 'Inserte una descripción', 'H2000028B', '335', '4', 210, 21, 7),
('XIA0000075', 'Xiaomi - Series X77', 'Inserte una descripción', 'D9000004D', '396', '2', 88, 21, 13),
('XIA0000077', 'Xiaomi - Max11', 'Inserte una descripción', 'C3000033G', '154', '3', 243, 21, 3),
('XIA0000089', 'Xiaomi - High82', 'Inserte una descripción', 'B1000062J', '114', '1', 231, 21, 7),
('XIA0000101', 'Xiaomi - Max16', 'Inserte una descripción', 'I3000029C', '473', '4', 112, 21, 7),
('XIA0000106', 'Xiaomi - Series X18', 'Inserte una descripción', 'I2000089K', '452', '4', 180, 21, 3),
('XIA0000118', 'Xiaomi - Max99', 'Inserte una descripción', 'J3000090L', '275', '1', 230, 21, 3),
('XIA0000137', 'Xiaomi - X73', 'Inserte una descripción', 'J2000050X', '290', '3', 93, 21, 15),
('XIA0000140', 'Xiaomi - X44', 'Inserte una descripción', 'H7000078Z', '23', '2', 75, 21, 13),
('XIA0000187', 'Xiaomi - High54', 'Inserte una descripción', 'C9000093O', '186', '1', 117, 21, 14),
('XIA0000188', 'Xiaomi - High86', 'Inserte una descripción', 'J3000090L', '67', '2', 248, 21, 5),
('XIA0000222', 'Xiaomi - Max44', 'Inserte una descripción', 'G9000047U', '269', '4', 283, 21, 15),
('XIA0000259', 'Xiaomi - Series X47', 'Inserte una descripción', 'I3000029C', '329', '3', 218, 21, 14),
('XIA0000293', 'Xiaomi - High96', 'Inserte una descripción', 'H2000088J', '43', '4', 80, 21, 15),
('XIA0000295', 'Xiaomi - Max78', 'Inserte una descripción', 'E5000065M', '458', '4', 258, 21, 7),
('XIA0000307', 'Xiaomi - S10', 'Inserte una descripción', 'C1000013M', '156', '2', 268, 21, 15),
('XIA0000327', 'Xiaomi - High33', 'Inserte una descripción', 'B1000062J', '429', '3', 218, 21, 5),
('XIA0000343', 'Xiaomi - Lite61', 'Inserte una descripción', 'I8000069Q', '361', '4', 144, 21, 14),
('XIA0000358', 'Xiaomi - X82', 'Inserte una descripción', 'J2000030D', '380', '4', 285, 21, 5),
('XIA0000367', 'Xiaomi - Series X4', 'Inserte una descripción', 'G9000047U', '139', '1', 90, 21, 13),
('XIA0000369', 'Xiaomi - Mega76', 'Inserte una descripción', 'E1000035I', '44', '2', 188, 21, 7),
('XIA0000371', 'Xiaomi - Max3', 'Inserte una descripción', 'B7000002B', '129', '2', 217, 21, 7),
('XIA0000381', 'Xiaomi - S88', 'Inserte una descripción', 'G3000097S', '106', '4', 73, 21, 7),
('XIA0000385', 'Xiaomi - Max33', 'Inserte una descripción', 'F6000076X', '167', '2', 177, 21, 7),
('XIA0000399', 'Xiaomi - X11', 'Inserte una descripción', 'A8000051Y', '179', '1', 182, 21, 15),
('XIA0000416', 'Xiaomi - Mega92', 'Inserte una descripción', 'A8000091M', '328', '2', 103, 21, 7),
('XIA0000419', 'Xiaomi - Series X68', 'Inserte una descripción', 'I3000029C', '479', '1', 245, 21, 13),
('XIA0000426', 'Xiaomi - S44', 'Inserte una descripción', 'D3000094P', '279', '1', 134, 21, 14),
('XIA0000444', 'Xiaomi - Series S60', 'Inserte una descripción', 'H2000028B', '464', '4', 286, 21, 14),
('XIA0000474', 'Xiaomi - S17', 'Inserte una descripción', 'H2000058F', '422', '2', 242, 21, 3),
('XIA0000476', 'Xiaomi - Series S39', 'Inserte una descripción', 'B5000082D', '434', '3', 242, 21, 3),
('XIA0000496', 'Xiaomi - Mega21', 'Inserte una descripción', 'D2000034H', '336', '3', 84, 21, 5),
('XIA0000498', 'Xiaomi - S91', 'Inserte una descripción', 'A8000051Y', '413', '4', 94, 21, 5),
('XIA0000502', 'Xiaomi - Reno94', 'Inserte una descripción', 'B5000042P', '308', '2', 125, 21, 7),
('XIA0000513', 'Xiaomi - Mega70', 'Inserte una descripción', 'E6000015O', '203', '3', 226, 21, 3),
('XIA0000517', 'Xiaomi - Max47', 'Inserte una descripción', 'E1000055C', '198', '4', 147, 21, 5),
('XIA0000533', 'Xiaomi - X56', 'Inserte una descripción', 'D7000084F', '400', '2', 122, 21, 3),
('XIA0000587', 'Xiaomi - Lite28', 'Inserte una descripción', 'F4000016P', '197', '3', 231, 21, 3),
('XIA0000593', 'Xiaomi - Max85', 'Inserte una descripción', 'E1000035I', '377', '2', 72, 21, 5),
('XIA0000603', 'Xiaomi - Series X90', 'Inserte una descripción', 'G3000067O', '404', '2', 193, 21, 14),
('XIA0000614', 'Xiaomi - High69', 'Inserte una descripción', 'B6000072T', '283', '2', 108, 21, 4),
('XIA0000625', 'Xiaomi - Max75', 'Inserte una descripción', 'D3000024X', '116', '3', 77, 21, 5),
('XIA0000629', 'Xiaomi - Max13', 'Inserte una descripción', 'G9000047U', '100', '2', 255, 21, 3),
('XIA0000636', 'Xiaomi - Lite85', 'Inserte una descripción', 'A6000081C', '458', '2', 299, 21, 5),
('XIA0000642', 'Xiaomi - S28', 'Inserte una descripción', 'E1000055C', '5', '4', 232, 21, 5),
('XIA0000645', 'Xiaomi - Lite81', 'Inserte una descripción', 'F4000016P', '465', '4', 117, 21, 15),
('XIA0000649', 'Xiaomi - Max97', 'Inserte una descripción', 'A8000091M', '224', '1', 151, 21, 7),
('XIA0000715', 'Xiaomi - Series X40', 'Inserte una descripción', 'E8000075W', '177', '2', 75, 21, 15),
('XIA0000734', 'Xiaomi - X65', 'Inserte una descripción', 'H3000048V', '347', '3', 52, 21, 3),
('XIA0000773', 'Xiaomi - X26', 'Inserte una descripción', 'G9000047U', '313', '4', 205, 21, 3),
('XIA0000794', 'Xiaomi - Reno38', 'Inserte una descripción', 'H7000078Z', '276', '4', 171, 21, 14),
('XIA0000797', 'Xiaomi - X2', 'Inserte una descripción', 'I8000059G', '486', '3', 220, 21, 15),
('XIA0000807', 'Xiaomi - Series S54', 'Inserte una descripción', 'J8000010J', '251', '3', 93, 21, 13),
('XIA0000830', 'Xiaomi - Lite22', 'Inserte una descripción', 'I7000079A', '191', '3', 72, 21, 5),
('XIA0000833', 'Xiaomi - Series S5', 'Inserte una descripción', 'J8000010J', '29', '3', 240, 21, 5),
('XIA0000838', 'Xiaomi - Reno28', 'Inserte una descripción', 'B6000072T', '459', '3', 164, 21, 7),
('XIA0000858', 'Xiaomi - Series X92', 'Inserte una descripción', 'I1000009I', '98', '1', 162, 21, 4),
('XIA0000859', 'Xiaomi - Series S17', 'Inserte una descripción', 'C3000023W', '42', '3', 218, 21, 7),
('XIA0000866', 'Xiaomi - Series S2', 'Inserte una descripción', 'H9000038L', '469', '2', 201, 21, 5),
('XIA0000907', 'Xiaomi - Series S8', 'Inserte una descripción', 'F9000096R', '475', '2', 283, 21, 5),
('XIA0000914', 'Xiaomi - Series S60', 'Inserte una descripción', 'E1000025Y', '410', '2', 189, 21, 15),
('XIA0000923', 'Xiaomi - X79', 'Inserte una descripción', 'F2000026Z', '131', '2', 263, 21, 13),
('XIA0000943', 'Xiaomi - X62', 'Inserte una descripción', 'F3000086H', '491', '3', 188, 21, 3),
('XIA0000950', 'Xiaomi - S22', 'Inserte una descripción', 'G5000037K', '487', '4', 115, 21, 13),
('XIA0000964', 'Xiaomi - X14', 'Inserte una descripción', 'E7000045S', '112', '3', 78, 21, 3),
('XIA0001023', 'Xiaomi - High48', 'Inserte una descripción', 'I3000039M', '410', '1', 255, 21, 5);

-- --------------------------------------------------------

--
-- Estrutura da táboa `proveedor`
--

CREATE TABLE `proveedor` (
  `cif` varchar(9) NOT NULL,
  `codigo` varchar(10) NOT NULL,
  `nombre` varchar(255) NOT NULL,
  `direccion` varchar(255) NOT NULL,
  `website` varchar(255) NOT NULL,
  `pais` varchar(100) NOT NULL,
  `email` varchar(255) NOT NULL,
  `telefono` varchar(12) DEFAULT NULL
) ENGINE=InnoDB DEFAULT CHARSET=utf8mb4;

--
-- A extraer os datos da táboa `proveedor`
--

INSERT INTO `proveedor` (`cif`, `codigo`, `nombre`, `direccion`, `website`, `pais`, `email`, `telefono`) VALUES
('A5000002E', 'test', 'test', 'test', 'http://test.org', 'Portugal', 'test@test.org', '999999999'),
('A5000003E', 'test', 'test', 'test', 'http://test.org', 'Portugal', 'test@test.org', '999999999'),
('A5000031E', 'PROV000031', 'PROVEEDOR 000031', 'Calle Test Num. 581', 'http://test.org', 'España', 'proveedor30@test.org', NULL),
('A5009999E', 'test', 'test', 'test', 'http://test.org', 'Portugal', 'test@test.org', NULL),
('A6000061I', 'PROV000061', 'PROVEEDOR 000061', 'Calle Test Num. 321', 'http://test.org', 'España', 'proveedor60@test.org', NULL),
('A6000071S', 'PROV000071', 'PROVEEDOR 000071', 'Calle Test Num. 382', 'http://test.org', 'España', 'proveedor70@test.org', NULL),
('A6000081C', 'PROV000081', 'PROVEEDOR 000081', 'Calle Test Num. 81', 'http://test.org', 'España', 'proveedor80@test.org', NULL),
('A7000041O', 'PROV000041', 'PROVEEDOR 000041', 'Calle Test Num. 643', 'http://test.org', 'España', 'proveedor40@test.org', NULL),
('A8000011K', 'PROV000011', 'PROVEEDOR 000011', 'Calle Test Num. 578', 'http://test.org', 'España', 'proveedor10@test.org', NULL),
('A8000021U', 'PROV000021', 'PROVEEDOR 000021', 'Calle Test Num. 400', 'http://test.org', 'España', 'proveedor20@test.org', NULL),
('A8000051Y', 'PROV000051', 'PROVEEDOR 000051', 'Calle Test Num. 367', 'http://test.org', 'España', 'proveedor50@test.org', NULL),
('A8000091M', 'PROV000091', 'PROVEEDOR 000091', 'Calle Test Num. 727', 'http://test.org', 'España', 'proveedor90@test.org', NULL),
('B1000062J', 'PROV000062', 'PROVEEDOR 000062', 'Calle Test Num. 265', 'http://test.org', 'España', 'proveedor61@test.org', NULL),
('B3000092N', 'PROV000092', 'PROVEEDOR 000092', 'Calle Test Num. 825', 'http://test.org', 'España', 'proveedor91@test.org', NULL),
('B4000052Z', 'PROV000052', 'PROVEEDOR 000052', 'Calle Test Num. 998', 'http://test.org', 'España', 'proveedor51@test.org', NULL),
('B5000042P', 'PROV000042', 'PROVEEDOR 000042', 'Calle Test Num. 719', 'http://test.org', 'España', 'proveedor41@test.org', NULL),
('B5000082D', 'PROV000082', 'PROVEEDOR 000082', 'Calle Test Num. 534', 'http://test.org', 'España', 'proveedor81@test.org', NULL),
('B6000072T', 'PROV000072', 'PROVEEDOR 000072', 'Calle Test Num. 982', 'http://test.org', 'España', 'proveedor71@test.org', NULL),
('B7000002B', 'PROV000002', 'PROVEEDOR 000002', 'Calle Test Num. 874', 'http://test.org', 'España', 'proveedor1@test.org', NULL),
('B8000012L', 'PROV000012', 'PROVEEDOR 000012', 'Calle Test Num. 928', 'http://test.org', 'España', 'proveedor11@test.org', NULL),
('B8000022V', 'PROV000022', 'PROVEEDOR 000022', 'Calle Test Num. 56', 'http://test.org', 'España', 'proveedor21@test.org', NULL),
('B9000032F', 'PROV000032', 'PROVEEDOR 000032', 'Calle Test Num. 173', 'http://test.org', 'España', 'proveedor31@test.org', NULL),
('C1000013M', 'PROV000013', 'PROVEEDOR 000013', 'Calle Test Num. 600', 'http://test.org', 'España', 'proveedor12@test.org', NULL),
('C1000083E', 'PROV000083', 'PROVEEDOR 000083', 'Calle Test Num. 796', 'http://test.org', 'España', 'proveedor82@test.org', NULL),
('C2000003C', 'PROV000003', 'PROVEEDOR 000003', 'Calle Test Num. 193', 'http://test.org', 'España', 'proveedor2@test.org', NULL),
('C3000023W', 'PROV000023', 'PROVEEDOR 000023', 'Calle Test Num. 428', 'http://test.org', 'España', 'proveedor22@test.org', NULL),
('C3000033G', 'PROV000033', 'PROVEEDOR 000033', 'Calle Test Num. 837', 'http://test.org', 'España', 'proveedor32@test.org', NULL),
('C4000043Q', 'PROV000043', 'PROVEEDOR 000043', 'Calle Test Num. 542', 'http://test.org', 'España', 'proveedor42@test.org', NULL),
('C6000063K', 'PROV000063', 'PROVEEDOR 000063', 'Calle Test Num. 783', 'http://test.org', 'España', 'proveedor62@test.org', NULL),
('C6000073U', 'PROV000073', 'PROVEEDOR 000073', 'Calle Test Num. 641', 'http://test.org', 'España', 'proveedor72@test.org', NULL),
('C9000053A', 'PROV000053', 'PROVEEDOR 000053', 'Calle Test Num. 116', 'http://test.org', 'España', 'proveedor52@test.org', NULL),
('C9000093O', 'PROV000093', 'PROVEEDOR 000093', 'Calle Test Num. 68', 'http://test.org', 'España', 'proveedor92@test.org', NULL),
('D1000044R', 'PROV000044', 'PROVEEDOR 000044', 'Calle Test Num. 967', 'http://test.org', 'España', 'proveedor43@test.org', NULL),
('D1000074V', 'PROV000074', 'PROVEEDOR 000074', 'Calle Test Num. 172', 'http://test.org', 'España', 'proveedor73@test.org', NULL),
('D2000034H', 'PROV000034', 'PROVEEDOR 000034', 'Calle Test Num. 543', 'http://test.org', 'España', 'proveedor33@test.org', NULL),
('D3000014N', 'PROV000014', 'PROVEEDOR 000014', 'Calle Test Num. 338', 'http://test.org', 'España', 'proveedor13@test.org', NULL),
('D3000024X', 'PROV000024', 'PROVEEDOR 000024', 'Calle Test Num. 205', 'http://test.org', 'España', 'proveedor23@test.org', NULL),
('D3000064L', 'PROV000064', 'PROVEEDOR 000064', 'Calle Test Num. 764', 'http://test.org', 'España', 'proveedor63@test.org', NULL),
('D3000094P', 'PROV000094', 'PROVEEDOR 000094', 'Calle Test Num. 507', 'http://test.org', 'España', 'proveedor93@test.org', NULL),
('D7000084F', 'PROV000084', 'PROVEEDOR 000084', 'Calle Test Num. 51', 'http://test.org', 'España', 'proveedor83@test.org', NULL),
('D9000004D', 'PROV000004', 'PROVEEDOR 000004', 'Calle Test Num. 822', 'http://test.org', 'España', 'proveedor3@test.org', NULL),
('D9000054B', 'PROV000054', 'PROVEEDOR 000054', 'Calle Test Num. 168', 'http://test.org', 'España', 'proveedor53@test.org', NULL),
('E1000025Y', 'PROV000025', 'PROVEEDOR 000025', 'Calle Test Num. 82', 'http://test.org', 'España', 'proveedor24@test.org', NULL),
('E1000035I', 'PROV000035', 'PROVEEDOR 000035', 'Calle Test Num. 11', 'http://test.org', 'España', 'proveedor34@test.org', NULL),
('E1000055C', 'PROV000055', 'PROVEEDOR 000055', 'Calle Test Num. 987', 'http://test.org', 'España', 'proveedor54@test.org', NULL),
('E1000085G', 'PROV000085', 'PROVEEDOR 000085', 'Calle Test Num. 583', 'http://test.org', 'España', 'proveedor84@test.org', NULL),
('E2000005E', 'PROV000005', 'PROVEEDOR 000005', 'Calle Test Num. 676', 'http://test.org', 'España', 'proveedor4@test.org', NULL),
('E5000065M', 'PROV000065', 'PROVEEDOR 000065', 'Calle Test Num. 633', 'http://test.org', 'España', 'proveedor64@test.org', NULL),
('E5000095Q', 'PROV000095', 'PROVEEDOR 000095', 'Calle Test Num. 910', 'http://test.org', 'España', 'proveedor94@test.org', NULL),
('E6000015O', 'PROV000015', 'PROVEEDOR 000015', 'Calle Test Num. 95', 'http://test.org', 'España', 'proveedor14@test.org', NULL),
('E7000045S', 'PROV000045', 'PROVEEDOR 000045', 'Calle Test Num. 323', 'http://test.org', 'España', 'proveedor44@test.org', NULL),
('E8000075W', 'PROV000075', 'PROVEEDOR 000075', 'Calle Test Num. 699', 'http://test.org', 'España', 'proveedor74@test.org', NULL),
('F1000036J', 'PROV000036', 'PROVEEDOR 000036', 'Calle Test Num. 413', 'http://test.org', 'España', 'proveedor35@test.org', NULL),
('F2000026Z', 'PROV000026', 'PROVEEDOR 000026', 'Calle Test Num. 109', 'http://test.org', 'España', 'proveedor25@test.org', NULL),
('F2000066N', 'PROV000066', 'PROVEEDOR 000066', 'Calle Test Num. 373', 'http://test.org', 'España', 'proveedor65@test.org', NULL),
('F3000086H', 'PROV000086', 'PROVEEDOR 000086', 'Calle Test Num. 590', 'http://test.org', 'España', 'proveedor85@test.org', NULL),
('F4000016P', 'PROV000016', 'PROVEEDOR 000016', 'Calle Test Num. 151', 'http://test.org', 'España', 'proveedor15@test.org', NULL),
('F6000076X', 'PROV000076', 'PROVEEDOR 000076', 'Calle Test Num. 5', 'http://test.org', 'España', 'proveedor75@test.org', NULL),
('F9000006F', 'PROV000006', 'PROVEEDOR 000006', 'Calle Test Num. 91', 'http://test.org', 'España', 'proveedor5@test.org', NULL),
('F9000046T', 'PROV000046', 'PROVEEDOR 000046', 'Calle Test Num. 484', 'http://test.org', 'España', 'proveedor45@test.org', NULL),
('F9000056D', 'PROV000056', 'PROVEEDOR 000056', 'Calle Test Num. 746', 'http://test.org', 'España', 'proveedor55@test.org', NULL),
('F9000096R', 'PROV000096', 'PROVEEDOR 000096', 'Calle Test Num. 506', 'http://test.org', 'España', 'proveedor95@test.org', NULL),
('G1000027A', 'PROV000027', 'PROVEEDOR 000027', 'Calle Test Num. 234', 'http://test.org', 'España', 'proveedor26@test.org', NULL),
('G1000057E', 'PROV000057', 'PROVEEDOR 000057', 'Calle Test Num. 296', 'http://test.org', 'España', 'proveedor56@test.org', NULL),
('G2000087I', 'PROV000087', 'PROVEEDOR 000087', 'Calle Test Num. 315', 'http://test.org', 'España', 'proveedor86@test.org', NULL),
('G3000067O', 'PROV000067', 'PROVEEDOR 000067', 'Calle Test Num. 229', 'http://test.org', 'España', 'proveedor66@test.org', NULL),
('G3000097S', 'PROV000097', 'PROVEEDOR 000097', 'Calle Test Num. 623', 'http://test.org', 'España', 'proveedor96@test.org', NULL),
('G4000017Q', 'PROV000017', 'PROVEEDOR 000017', 'Calle Test Num. 945', 'http://test.org', 'España', 'proveedor16@test.org', NULL),
('G5000007G', 'PROV000007', 'PROVEEDOR 000007', 'Calle Test Num. 634', 'http://test.org', 'España', 'proveedor6@test.org', NULL),
('G5000037K', 'PROV000037', 'PROVEEDOR 000037', 'Calle Test Num. 600', 'http://test.org', 'España', 'proveedor36@test.org', NULL),
('G7000077Y', 'PROV000077', 'PROVEEDOR 000077', 'Calle Test Num. 634', 'http://test.org', 'España', 'proveedor76@test.org', NULL),
('G9000047U', 'PROV000047', 'PROVEEDOR 000047', 'Calle Test Num. 359', 'http://test.org', 'España', 'proveedor46@test.org', NULL),
('H2000028B', 'PROV000028', 'PROVEEDOR 000028', 'Calle Test Num. 484', 'http://test.org', 'España', 'proveedor27@test.org', NULL),
('H2000058F', 'PROV000058', 'PROVEEDOR 000058', 'Calle Test Num. 799', 'http://test.org', 'España', 'proveedor57@test.org', NULL),
('H2000088J', 'PROV000088', 'PROVEEDOR 000088', 'Calle Test Num. 571', 'http://test.org', 'España', 'proveedor87@test.org', NULL),
('H3000008H', 'PROV000008', 'PROVEEDOR 000008', 'Calle Test Num. 873', 'http://test.org', 'España', 'proveedor7@test.org', NULL),
('H3000048V', 'PROV000048', 'PROVEEDOR 000048', 'Calle Test Num. 911', 'http://test.org', 'España', 'proveedor47@test.org', NULL),
('H5000068P', 'PROV000068', 'PROVEEDOR 000068', 'Calle Test Num. 699', 'http://test.org', 'España', 'proveedor67@test.org', NULL),
('H7000078Z', 'PROV000078', 'PROVEEDOR 000078', 'Calle Test Num. 253', 'http://test.org', 'España', 'proveedor77@test.org', NULL),
('H8000098T', 'PROV000098', 'PROVEEDOR 000098', 'Calle Test Num. 520', 'http://test.org', 'España', 'proveedor97@test.org', NULL),
('H9000018R', 'PROV000018', 'PROVEEDOR 000018', 'Calle Test Num. 641', 'http://test.org', 'España', 'proveedor17@test.org', NULL),
('H9000038L', 'PROV000038', 'PROVEEDOR 000038', 'Calle Test Num. 487', 'http://test.org', 'España', 'proveedor37@test.org', NULL),
('I1000009I', 'PROV000009', 'PROVEEDOR 000009', 'Calle Test Num. 421', 'http://test.org', 'España', 'proveedor8@test.org', NULL),
('I2000089K', 'PROV000089', 'PROVEEDOR 000089', 'Calle Test Num. 743', 'http://test.org', 'España', 'proveedor88@test.org', NULL),
('I3000019S', 'PROV000019', 'PROVEEDOR 000019', 'Calle Test Num. 790', 'http://test.org', 'España', 'proveedor18@test.org', NULL),
('I3000029C', 'PROV000029', 'PROVEEDOR 000029', 'Calle Test Num. 499', 'http://test.org', 'España', 'proveedor28@test.org', NULL),
('I3000039M', 'PROV000039', 'PROVEEDOR 000039', 'Calle Test Num. 142', 'http://test.org', 'España', 'proveedor38@test.org', NULL),
('I4000099U', 'PROV000099', 'PROVEEDOR 000099', 'Calle Test Num. 540', 'http://test.org', 'España', 'proveedor98@test.org', NULL),
('I6000049W', 'PROV000049', 'PROVEEDOR 000049', 'Calle Test Num. 332', 'http://test.org', 'España', 'proveedor48@test.org', NULL),
('I7000079A', 'PROV000079', 'PROVEEDOR 000079', 'Calle Test Num. 533', 'http://test.org', 'España', 'proveedor78@test.org', NULL),
('I8000059G', 'PROV000059', 'PROVEEDOR 000059', 'Calle Test Num. 114', 'http://test.org', 'España', 'proveedor58@test.org', NULL),
('I8000069Q', 'PROV000069', 'PROVEEDOR 000069', 'Calle Test Num. 850', 'http://test.org', 'España', 'proveedor68@test.org', NULL),
('J1000060H', 'PROV000060', 'PROVEEDOR 000060', 'Calle Test Num. 721', 'http://test.org', 'España', 'proveedor59@test.org', NULL),
('J2000030D', 'PROV000030', 'PROVEEDOR 000030', 'Calle Test Num. 644', 'http://test.org', 'España', 'proveedor29@test.org', NULL),
('J2000050X', 'PROV000050', 'PROVEEDOR 000050', 'Calle Test Num. 54', 'http://test.org', 'España', 'proveedor49@test.org', NULL),
('J2000080B', 'PROV000080', 'PROVEEDOR 000080', 'Calle Test Num. 296', 'http://test.org', 'España', 'proveedor79@test.org', NULL),
('J3000090L', 'PROV000090', 'PROVEEDOR 000090', 'Calle Test Num. 847', 'http://test.org', 'España', 'proveedor89@test.org', NULL),
('J6000040N', 'PROV000040', 'PROVEEDOR 000040', 'Calle Test Num. 673', 'http://test.org', 'España', 'proveedor39@test.org', NULL),
('J7000020T', 'PROV000020', 'PROVEEDOR 000020', 'Calle Test Num. 689', 'http://test.org', 'España', 'proveedor19@test.org', NULL),
('J7000070R', 'PROV000070', 'PROVEEDOR 000070', 'Calle Test Num. 489', 'http://test.org', 'España', 'proveedor69@test.org', NULL),
('J8000010J', 'PROV000010', 'PROVEEDOR 000010', 'Calle Test Num. 263', 'http://test.org', 'España', 'proveedor9@test.org', NULL);

-- --------------------------------------------------------

--
-- Estrutura da táboa `rol`
--

CREATE TABLE `rol` (
  `id_rol` int(11) NOT NULL,
  `rol` varchar(255) DEFAULT NULL,
  `descripcion_es` text DEFAULT NULL,
  `orden` int(255) DEFAULT NULL
) ENGINE=InnoDB DEFAULT CHARSET=utf8 ROW_FORMAT=DYNAMIC;

--
-- A extraer os datos da táboa `rol`
--

INSERT INTO `rol` (`id_rol`, `rol`, `descripcion_es`, `orden`) VALUES
(1, 'Administrator', 'Tiene permisos de rwd y acceso a todas las áreas.', 3),
(2, 'Auditor', 'Tiene permiso de lectura en todas las áreas pero no puede borrar, dar de alta ni editar.', 1);

-- --------------------------------------------------------

--
-- Estrutura da táboa `usuario`
--

CREATE TABLE `usuario` (
  `username` varchar(50) NOT NULL,
  `rol` varchar(50) DEFAULT NULL,
  `salarioBruto` float(10,2) DEFAULT NULL,
  `retencionIRPF` float(10,2) DEFAULT NULL,
  `activo` bit(1) NOT NULL DEFAULT b'1'
) ENGINE=InnoDB DEFAULT CHARSET=utf8mb4;

--
-- A extraer os datos da táboa `usuario`
--

INSERT INTO `usuario` (`username`, `rol`, `salarioBruto`, `retencionIRPF`, `activo`) VALUES
('administrador', 'administrador', 5000.00, 30.00, b'1'),
('Alexis_Jose_Alvarez_Araujo', 'standard', 4399.00, 30.00, b'1'),
('Alexis_Jose_da_Silva_Oset', 'standard', 3355.00, 20.00, b'1'),
('Alexis_Jose_da_Silva_Pereira', 'standard', 4403.00, 30.00, b'1'),
('Alexis_Jose_Giraldez_Oset', 'standard', 4410.00, 30.00, b'1'),
('Alexis_Jose_Gonzalez_Carrera', 'standard', 4125.00, 30.00, b'1'),
('Alexis_Jose_Gonzalez_Pereira', 'standard', 1587.00, 18.00, b'1'),
('Alexis_Jose_Juncal_Carrera', 'standard', 4578.00, 30.00, b'1'),
('Alexis_Jose_Montes_Araujo', 'standard', 3754.00, 20.00, b'1'),
('Alexis_Jose_Montes_Sanchez', 'standard', 3264.00, 20.00, b'1'),
('Alexis_Jose_Sanchez_Gonzalez', 'standard', 4046.00, 30.00, b'1'),
('Carlos_Alvarez_Vilas', 'standard', 1632.00, 18.00, b'1'),
('Carlos_Casas_Oset', 'standard', 2883.00, 18.00, b'1'),
('Carlos_Casas_Sanchez', 'standard', 1605.00, 18.00, b'1'),
('Carlos_da_Silva_Iglesias', 'standard', 4499.00, 30.00, b'1'),
('Carlos_Dominguez_Cerqueira', 'standard', 4983.00, 30.00, b'1'),
('Carlos_Montes_Carrera', 'standard', 1576.00, 18.00, b'1'),
('Carlos_Sanchez_Oset', 'standard', 3394.00, 20.00, b'1'),
('Cristopher_Candeira_Carrera', 'standard', 1014.00, 18.00, b'1'),
('Cristopher_Fernandez_Iglesias', 'standard', 3805.00, 20.00, b'1'),
('Cristopher_Ferreira_Oset', 'standard', 2045.00, 18.00, b'1'),
('Cristopher_Giraldez_Abeledo', 'standard', 2012.00, 18.00, b'1'),
('Cristopher_Giraldez_Fernandez', 'standard', 3075.00, 20.00, b'1'),
('Cristopher_Montes_Iglesias', 'standard', 4010.00, 30.00, b'1'),
('Cristopher_Sanchez_Fernandez', 'standard', 2384.00, 18.00, b'1'),
('Cristopher_Sanchez_Pereira', 'standard', 2792.00, 18.00, b'1'),
('Cristopher_Suarez_Fernandez', 'standard', 1324.00, 18.00, b'1'),
('desarrollador', 'dev', 3000.00, 20.00, b'1'),
('Erik_Candeira_Sanchez', 'standard', 3064.00, 20.00, b'1'),
('Erik_Dominguez_Abeledo', 'standard', 4500.00, 30.00, b'1'),
('Erik_Fernandez_Gonzalez', 'standard', 4045.00, 30.00, b'1'),
('Erik_Ferreira_Carrera', 'standard', 2290.00, 18.00, b'1'),
('Erik_Giraldez_Araujo', 'standard', 1757.00, 18.00, b'1'),
('Erik_Giraldez_Carrera', 'standard', 2005.00, 18.00, b'1'),
('Erik_Giraldez_Pereira', 'standard', 1163.00, 18.00, b'1'),
('Erik_Sanchez_Gonzalez', 'standard', 4960.00, 30.00, b'1'),
('Erik_Suarez_Pereira', 'standard', 2916.00, 18.00, b'1'),
('Francisco_Dominguez_Araujo', 'standard', 2269.00, 18.00, b'1'),
('Francisco_Dominguez_Pereira', 'standard', 4675.00, 30.00, b'1'),
('Francisco_Fernandez_Araujo', 'standard', 1557.00, 18.00, b'1'),
('Francisco_Fernandez_Carrera', 'standard', 4364.00, 30.00, b'1'),
('Francisco_Gonzalez_Sanchez', 'standard', 1274.00, 18.00, b'1'),
('Iv__n_Alvarez_Groba', 'standard', 3119.00, 20.00, b'1'),
('Iv__n_da_Silva_Sanchez', 'standard', 1794.00, 18.00, b'1'),
('Iv__n_Dominguez_Iglesias', 'standard', 4647.00, 30.00, b'1'),
('Iv__n_Juncal_Groba', 'standard', 2300.00, 18.00, b'1'),
('Iv__n_Juncal_Oset', 'standard', 2775.00, 18.00, b'1'),
('Iv__n_Montes_Carrera', 'standard', 4673.00, 30.00, b'1'),
('Iv__n_Sanchez_Araujo', 'standard', 2030.00, 18.00, b'1'),
('Iv__n_Sanchez_Groba', 'standard', 3519.00, 20.00, b'1'),
('Iv__n_Suarez_Cerqueira', 'standard', 3975.00, 20.00, b'1'),
('Jose_Simon_Alvarez_Sanchez', 'standard', 2779.00, 18.00, b'1'),
('Jose_Simon_Casas_Fernandez', 'standard', 2251.00, 18.00, b'1'),
('Jose_Simon_Casas_Sanchez', 'standard', 3773.00, 20.00, b'1'),
('Jose_Simon_Fernandez_Gonzalez', 'standard', 3259.00, 20.00, b'1'),
('Jose_Simon_Ferreira_Vilas', 'standard', 4049.00, 30.00, b'1'),
('Jose_Simon_Giraldez_Pereira', 'standard', 3325.00, 20.00, b'1'),
('Jose_Simon_Giraldez_Vilas', 'standard', 1995.00, 18.00, b'1'),
('Jose_Simon_Gonzalez_Cerqueira', 'standard', 3244.00, 20.00, b'1'),
('Jose_Simon_Juncal_Sanchez', 'standard', 4320.00, 30.00, b'1'),
('Jose_Simon_Sanchez_Iglesias', 'standard', 2935.00, 18.00, b'1'),
('Jose_Simon_Suarez_Groba', 'standard', 1842.00, 18.00, b'1'),
('Marcos_Alvarez_Araujo', 'standard', 4401.00, 30.00, b'1'),
('Marcos_da_Silva_Vilas', 'standard', 1972.00, 18.00, b'1'),
('Marcos_Montes_Oset', 'standard', 1116.00, 18.00, b'1'),
('Marcos_Sanchez_Sanchez', 'standard', 4625.00, 30.00, b'1'),
('Marcos_Suarez_Cerqueira', 'standard', 4412.00, 30.00, b'1'),
('Marcos_Suarez_Sanchez', 'standard', 1339.00, 18.00, b'1'),
('Mauricio_Casas_Sanchez', 'standard', 2545.00, 18.00, b'1'),
('Mauricio_da_Silva_Oset', 'standard', 2919.00, 18.00, b'1'),
('Mauricio_Ferreira_Groba', 'standard', 3364.00, 20.00, b'1'),
('Mauricio_Ferreira_Oset', 'standard', 2995.00, 18.00, b'1'),
('Mauricio_Ferreira_Pereira', 'standard', 1109.00, 18.00, b'1'),
('Mauricio_Giraldez_Cerqueira', 'standard', 2490.00, 18.00, b'1'),
('Mauricio_Giraldez_Sanchez', 'standard', 2293.00, 18.00, b'1'),
('Mauricio_Gonzalez_Araujo', 'standard', 4769.00, 30.00, b'1'),
('Mauricio_Gonzalez_Sanchez', 'standard', 4565.00, 30.00, b'1'),
('Miguel_Dominguez_Fernandez', 'standard', 2129.00, 18.00, b'1'),
('Miguel_Ferreira_Cerqueira', 'standard', 2823.00, 18.00, b'1'),
('Miguel_Giraldez_Cerqueira', 'standard', 3857.00, 20.00, b'1'),
('Miguel_Juncal_Cerqueira', 'standard', 3049.00, 20.00, b'1'),
('Miguel_Suarez_Fernandez', 'standard', 4883.00, 30.00, b'1'),
('Nuria_Maria_Alvarez_Cerqueira', 'standard', 4449.00, 30.00, b'1'),
('Nuria_Maria_Alvarez_Oset', 'standard', 2160.00, 18.00, b'1'),
('Nuria_Maria_Alvarez_Vilas', 'standard', 4157.00, 30.00, b'1'),
('Nuria_Maria_Candeira_Gonzalez', 'standard', 1318.00, 18.00, b'1'),
('Nuria_Maria_Fernandez_Fernandez', 'standard', 2133.00, 18.00, b'1'),
('Nuria_Maria_Ferreira_Groba', 'standard', 1581.00, 18.00, b'1'),
('Nuria_Maria_Giraldez_Groba', 'standard', 2153.00, 18.00, b'1'),
('Nuria_Maria_Gonzalez_Oset', 'standard', 1851.00, 18.00, b'1'),
('Nuria_Maria_Gonzalez_Pereira', 'standard', 4834.00, 30.00, b'1'),
('Nuria_Maria_Juncal_Oset', 'standard', 2286.00, 18.00, b'1'),
('Nuria_Maria_Montes_Pereira', 'standard', 2716.00, 18.00, b'1');

-- --------------------------------------------------------

--
-- Estrutura da táboa `usuario_sistema`
--

CREATE TABLE `usuario_sistema` (
  `id_usuario` int(11) NOT NULL,
  `id_rol` int(11) DEFAULT 1,
  `email` varchar(255) DEFAULT NULL,
  `pass` varchar(255) DEFAULT NULL,
  `nombre` varchar(255) DEFAULT NULL,
  `salario_neto` float NOT NULL DEFAULT 1500,
  `baja` int(11) DEFAULT 0
) ENGINE=InnoDB DEFAULT CHARSET=utf8 ROW_FORMAT=COMPACT;

--
-- A extraer os datos da táboa `usuario_sistema`
--

INSERT INTO `usuario_sistema` (`id_usuario`, `id_rol`, `email`, `pass`, `nombre`, `salario_neto`, `baja`) VALUES
(1, 1, 'admin@test.org', '$2y$10$mEBod3HMqpBsVfMxPrAEjudzkANRyf2/JGEjUQvzuQTHJcFVHRU4K', 'Administrador', 3500, 0);

--
-- Indexes for dumped tables
--

--
-- Indexes for table `categoria`
--
ALTER TABLE `categoria`
  ADD PRIMARY KEY (`id_categoria`),
  ADD KEY `FK_PADRE_CATEGORIA` (`id_padre`);

--
-- Indexes for table `log`
--
ALTER TABLE `log`
  ADD PRIMARY KEY (`id_log`,`operacion`,`tabla`);

--
-- Indexes for table `producto`
--
ALTER TABLE `producto`
  ADD PRIMARY KEY (`codigo`),
  ADD KEY `FK_proveedor` (`proveedor`),
  ADD KEY `FK_categoria` (`id_categoria`);

--
-- Indexes for table `proveedor`
--
ALTER TABLE `proveedor`
  ADD PRIMARY KEY (`cif`);

--
-- Indexes for table `rol`
--
ALTER TABLE `rol`
  ADD PRIMARY KEY (`id_rol`);

--
-- Indexes for table `usuario`
--
ALTER TABLE `usuario`
  ADD PRIMARY KEY (`username`);

--
-- Indexes for table `usuario_sistema`
--
ALTER TABLE `usuario_sistema`
  ADD PRIMARY KEY (`id_usuario`),
  ADD UNIQUE KEY `email` (`email`),
  ADD KEY `FK_usuario_rol` (`id_rol`);

--
-- AUTO_INCREMENT for dumped tables
--

--
-- AUTO_INCREMENT for table `categoria`
--
ALTER TABLE `categoria`
  MODIFY `id_categoria` int(11) NOT NULL AUTO_INCREMENT, AUTO_INCREMENT=21;

--
-- AUTO_INCREMENT for table `log`
--
ALTER TABLE `log`
  MODIFY `id_log` int(11) NOT NULL AUTO_INCREMENT, AUTO_INCREMENT=2;

--
-- AUTO_INCREMENT for table `rol`
--
ALTER TABLE `rol`
  MODIFY `id_rol` int(11) NOT NULL AUTO_INCREMENT, AUTO_INCREMENT=4;

--
-- AUTO_INCREMENT for table `usuario_sistema`
--
ALTER TABLE `usuario_sistema`
  MODIFY `id_usuario` int(11) NOT NULL AUTO_INCREMENT, AUTO_INCREMENT=95;

--
-- Restricións para os envorcados das táboas
--

--
-- Restricións para a táboa `categoria`
--
ALTER TABLE `categoria`
  ADD CONSTRAINT `FK_PADRE_CATEGORIA` FOREIGN KEY (`id_padre`) REFERENCES `categoria` (`id_categoria`) ON UPDATE CASCADE;

--
-- Restricións para a táboa `producto`
--
ALTER TABLE `producto`
  ADD CONSTRAINT `FK_categoria` FOREIGN KEY (`id_categoria`) REFERENCES `categoria` (`id_categoria`),
  ADD CONSTRAINT `FK_proveedor` FOREIGN KEY (`proveedor`) REFERENCES `proveedor` (`cif`);

--
-- Restricións para a táboa `usuario_sistema`
--
ALTER TABLE `usuario_sistema`
  ADD CONSTRAINT `FK_usuario_rol` FOREIGN KEY (`id_rol`) REFERENCES `rol` (`id_rol`) ON UPDATE CASCADE;
COMMIT;

/*!40101 SET CHARACTER_SET_CLIENT=@OLD_CHARACTER_SET_CLIENT */;
/*!40101 SET CHARACTER_SET_RESULTS=@OLD_CHARACTER_SET_RESULTS */;
/*!40101 SET COLLATION_CONNECTION=@OLD_COLLATION_CONNECTION */;
